Author Last Name,Author First Name,Other Authors,Newspaper/Publisher,Publication Year,Article Title,"Publication Location (City, County, State) Where was the article published? ","Contextual Location (City, County, State) Where is the article talking about? If mutliple locations are referenced, list them all. If national, write national","News Source (e.g. Google, Ethnic News Watch, etc)",Date of Publication,"Page # (if applicable, if not, write N/A)",Type,Link (paste to Google drive upload),MMIWG mentioned (1=y 0=n),"MMIWG defined (1,0)","specific case (1,0)","MMIWG mvmnt (1,0)","coverage of legal protection (1,0)","News article (1,0)","video/audio (1,0)","material culture (1,0)","international (1,0)","national (1,0)","regional (1,0)","local (1,0)","Native (1,0)",# of sources,# of govt officials,# of ordinary people,# of experts,# of id male,# of id female,# of gender unID,"(Native voice) token/soundbite (1,0)","centers importance of MMIWG (1,0)","discussion of law impact (1,0)",word count,"article series (1,0)"
ISABELLA ,,,,,,,,,,,,,,,,,,,,,,,,,,,,,,,,,,,,,
Macdonald,Moira ,,The Seattle Times,2024,Film focuses on missing Indigenous women,"Seattle, King County, WA","National- Seattle, King County, WA. - Texas State- Tulalip Reservation, Snohomish County, WA- ",Access World News ,24-Nov-24,N/A,Newspaper,https://drive.google.com/file/d/1yE06pnkbSr8hDkZFCXzM9Yq2VBAUBcfj/view?usp=drive_link,1,1,1,1,1,,,,,,1,1,1,,,,,,,,,,,,
Yoon-Hendricks,Alexandra ,,The Seattle Times,2023,Cold case unit launched for missing and murdered Indigenous people,"Seattle, King County, WA","Washington State- Yakima, Yakima County, WA",Access World News ,24-Apr,N/A,Newspaper,https://drive.google.com/file/d/18VpIyJn837jpr0Nha-8FMedR2wkOlpsO/view?usp=drive_link,1,1,0,1,1,,,,,,1,0,0,,,,,,,,,,,,
Radoc Cabahug,Jadenne,, The Seattle Times,2023,Bills would further address MMIW crisis,"Seattle, King County, WA","Yakima, Yakima County, WA - Washington State ",Access World News ,24-Jan,N/A,Newspaper,https://drive.google.com/file/d/1bBgsyECrvfpiQPDD88UmIvLwbfUyzhr3/view?usp=drive_link,1,1,1,1,1,,,,,,1,1,0,,,,,,,,,,,,
The Seattle Times editorial board,Editorial Board ,,The Seattle Times,2022,justice for missing and murdered Indigenous people,"Seattle, King County, WA","Washington State, National ",Access World News ,9-Aug,N/A,Newspaper,https://drive.google.com/file/d/1wDfy4dAjzwHwU-_kVqLlsnEKblVjncHg/view?usp=drive_link,1,1,0,1,1,,,,,,1,0,0,,,,,,,,,,,,
Yoon-Hendricks,Alexandra ,,The Seattle Times,2022,Cold case unit urged for missing Indigenous people,"Seattle, King County, WA",Washington State,Access World News ,2-Aug,N/A,Newspaper,https://drive.google.com/file/d/1uvpqI1yXWuYmsgvZXUyORN82_9dZ-Dru/view?usp=drive_link,1,1,1,1,1,,,,,,1,0,0,,,,,,,,,,,,
 Zhou,Amanda,,The Seattle Times,2022,Alert system for missing Indigenous people begins,"Seattle, King County, WA",Washington State,Access World News ,2-Jul,N/A,Newspaper,https://drive.google.com/file/d/1y-qsPQV4lwPCwavCFpCrWo7mokONp8ub/view?usp=drive_link,1,0,0,1,1,,,,,,0,0,0,,,,,,,,,,,,
FLACCUS,GILLIAN ,TED S. WARREN; The Associated Press,The Seattle Times,2022,Gov. Inslee signs into law first-of-its-kind statewide missing Indigenous people alert,"Seattle, King County, WA",Washington State,Access World News ,1-Apr,N/A,Newspaper,https://drive.google.com/file/d/1SKqciinmiOVWCG1L2vFa49SOVxfB45vl/view?usp=drive_link,1,1,0,1,1,,,,,,1,0,0,,,,,,,,,,,,
Kahla,Sarah,,The Seattle Times,2022,House bills target crisis of missing Indigenous people,"Seattle, King County, WA",Washington State,Access World News ,17-Jan,N/A,Newspaper,https://drive.google.com/file/d/1sYcS-yEfW9g559KR6tHQj2wcahlIlu0R/view?usp=drive_link,1,1,0,1,1,,,,,,1,0,0,,,,,,,,,,,,
 The Seattle Times editorial board, The Seattle Times editorial board,,The Seattle Times,2021,Justice delayed for murdered and missing Indigenous women,"Seattle, King County, WA",Washington State,Access World News ,10-Nov,N/A,Newspaper,https://drive.google.com/file/d/1wDfy4dAjzwHwU-_kVqLlsnEKblVjncHg/view?usp=drive_link,1,1,0,1,1,,,,,,1,0,0,,,,,,,,,,,,
Beekman,Daniel ,Bettina Hansen,The Seattle Times,2019,"Local- Native women celebrate Monday as the Seattle City Council votes to adopt a resolution to tackle the crisis of missing and murdered indigenous women and girls by creating a police liaison and improving data collection, among other practices. ","Seattle, King County, WA","Seattle, King County, WA",Access World News ,10-Sep,N/A,Newspaper,https://drive.google.com/file/d/1SSdvu6hxzy-lVaQUsgpAkO9OBqREhCOA/view?usp=drive_link,1,1,0,1,1,,,,,,1,0,0,,,,,,,,,,,,
 V. Mapes,Linda,,The Seattle Times,2020,"A brother’s grief, a city’s distress","Seattle, King County, WA","Seattle, King County, WA",Access World News ,30-Aug,N/A,Newspaper,https://drive.google.com/file/d/1SSdvu6hxzy-lVaQUsgpAkO9OBqREhCOA/view?usp=drive_link,1,1,0,1,1,,,,,,1,0,0,,,,,,,,,,,,
Trimmer,Dave,,The Seattle Times,2019,"A champion in track — and for missing, murdered indigenous womenshorter: A champion in track — and for indigenous women","Seattle, King County, WA","Cheney, Spokane County, WA",Access World News ,2-Jun,N/A,Newspaper,https://drive.google.com/file/d/1SSdvu6hxzy-lVaQUsgpAkO9OBqREhCOA/view?usp=drive_link,1,1,0,1,1,,,,,,1,0,0,,,,,,,,,,,,
 Mapes, Lynda,,The Seattle Times,2018,Police arrest pipeline protesters downtown,"Seattle, King County, WA","Seattle, King County, WA",Access World News ,2-May,N/A,Newspaper,https://drive.google.com/file/d/1UKHND3fOGfqurxBMLRSY6Eg9ll5Z2d9a/view?usp=drive_link,1,1,0,1,0,,,,,,0,0,0,,,,,,,,,,,,
Capitol Hill Times,Capitol Hill Times,,The Capitol Hill Times,2019,Interior Applauds Trump Administration's Establishment of Missing and Murdered American Indians and Alaska Native Task Force,"Capitol Hill, Seattle, King County, WA",National ,Access World News ,2-Dec,N/A,Newspaper,https://drive.google.com/file/d/1C3PNNhYaEWegCtBdTyCV0ssxZ9fzjbgX/view?usp=drive_link,1,1,0,1,1,,,,,,1,0,0,,,,,,,,,,,,
Tollestrup-Wimbish,Bella,,"Falcon, The: Seattle Pacific University (WA)",2019,Indigenous women endure atrocities,"Seattle, King County, WA","Winnipeg, Manitoba, Canada)- Canada (national)",Access World News (NewsBank),6-Feb-,N/A,Newspaper,https://drive.google.com/file/d/1ah9QRH3GcFto_tojuy2MRfXvDgfRG74-/view?usp=drive_link,1,1,1,1,1,,,,,,1,1,1,,,,,,,,,,,,
Guillot,Chloe,,"Falcon, The: Seattle Pacific University (WA)",2019,Connecting through stories,"Seattle, King County, WA","Seattle, King County, WA- Washington State (tribal nations)",Access World News (NewsBank),3-Apr,N/A,Newspaper,https://drive.google.com/file/d/1583_ZFkKA22euQZNoZQid34cfaR3SKHl/view?usp=drive_link,1,1,0,1,0,,,,,,0,0,0,,,,,,,,,,,,
Martin,Genna,"Halverson, Alex",Seattle Post-Intelligencer,2019,"Photos: First Nations hosts 3rd annual vigil for missing, murdered indigenous women","Seattle, King County, WA","Seattle, King County, WA; Washington State; University of Washington (Seattle, WA)",Access World News (NewsBank),February 15 2019,d,News Article,https://drive.google.com/file/d/1yfvjqQ5LmaLfwPBmVX7T78V-aLtel4Zw/view?usp=drive_link,1,1,1,1,1,,,,,,1,1,0,,,,,,,,,,,,
Connelly, Joel ,,Seattle Post-Intelligencer,2018,"Report ID's 506 cases of murdered, missing Indigenous women","Seattle, King County, WA",Canada and The United States (National),Access World News (NewsBank),15-Nov,N/A,Newspaper,https://drive.google.com/file/d/1dFIzqkkbQjVMPQipz14SSzc-ARrFPo1x/view?usp=drive_link,1,1,1,1,1,,,,,,0,1,1,,,,,,,,,,,,
 Bailey ,Josie,,Seattle Weekly (WA),2025,"Muckleshoot Tribe hosts national MMIP coordinator gathering - MMIP refers to ""Missing and Murdered Indigenous People,"" an ongoing international crisis that has inspired tribal leaders from 13 states to come together on the Muckleshoot reservation.","Seattle, King County, WA","King County, WA- Minnesota State - Arizona State - National ",Access World News (NewsBank),25-Nov,N/A,Newspaper,https://drive.google.com/file/d/1LjaYBzFm7V78dvCzRVRfsnRjqckWaGSo/view?usp=drive_link,1,1,1,1,1,,,,,,1,1,0,,,,,,,,,,,,
Bailey ,Josie,,Seattle Weekly (WA),2024,Working toward justice for the missing and murdered in Washington - Missing and Murdered Indigenous Women and People (MMIWP) Task Force Summit highlights progress as well as shortcomings.,"Seattle, King County, WA",Washington State,Access World News (NewsBank),28-Nov,N/A,Newspaper,https://drive.google.com/file/d/1Lvc_RD3pDkG5nTU2PekSLcJ6TXR9Mve6/view?usp=drive_link,1,1,1,1,1,,,,,,1,1,1,,,,,,,,,,,,
Seattle Weekly ,Seattle Weekly ,,Seattle Weekly (WA),2022,Forum spotlights Washington's missing and murdered Indigenous people - Carolyn DeFord of the Puyallup Tribe spoke about her mother's 1999 disappearance and what has led to this crisis.,"Seattle, King County, WA",Washington and Oregon States,Access World News (NewsBank),16-Nov,N/A,Newspaper,https://drive.google.com/file/d/1cb1_Un-n7vXn74od1sDpD5lfsxfmNd3V/view?usp=drive_link,1,1,1,1,1,,,,,,1,1,1,,,,,,,,,,,,
Saunders,Hannah ,,Seattle Weekly (WA),2022,"No more stolen sisters: How WA is responding to missing and murdered Indigenous people - Across the state, 126 Indigenous people remain missing, with 31 having gone missing in King County.","Seattle, King County, WA",King County - Washington State,Access World News (NewsBank),7-May,N/A,Newspaper,https://drive.google.com/file/d/1czIUlJVU2taljsIy53wBoiLuKM8DZGuB/view?usp=drive_link,1,1,1,1,1,,,,,,1,1,0,,,,,,,,,,,,
Breda,Isabella ,,Seattle Weekly (WA),2022,New alert system aims to bring home missing Indigenous people - Gov. Jay Inslee signed a law creating the new system. Families of the missing and murdered say it's a start.,"Seattle, King County, WA",Washington State,Access World News (NewsBank),12-Apr,N/A,Newspaper,https://drive.google.com/file/d/1pHHlgD_JxdoVARgaxj7wDFd8oFuaRdv3/view?usp=drive_link,1,1,1,1,1,,,,,,1,1,1,,,,,,,,,,,,
 Hellmann,Melissa,,Seattle Weekly (WA),2019,Legislation Targets Missing And Murdered Indigenous Women Epidemic - Savanna's Act co-sponsored by U.S. Sen. Maria Cantwell (D-WA); Seattle and Washington rank among highest in nation,"Seattle, King County, WA","Seattle, King County, Washington State",Access World News (NewsBank),7-Feb,N/A,Newspaper,https://drive.google.com/file/d/1NCzcr3r0xrp1PNLQF0Dz6bMY14za7Z0s/view?usp=drive_link,1,1,1,1,1,,,,,,1,0,0,,,,,,,,,,,,
Hellmann,Melissa ,,Seattle Weekly (WA),2019,Urban Indigenous Communities Push for Action to Address Violence Against Women - A new law seeks to strength data collection on missing and murdered indigenous women.,"Seattle, King County, WA","Washington State, National ",Access World News (NewsBank),19-Jan,N/A,Newspaper,https://drive.google.com/file/d/1Lvc_RD3pDkG5nTU2PekSLcJ6TXR9Mve6/view?usp=drive_link,1,1,1,1,1,,,,,,1,1,1,,,,,,,,,,,,
 Sinha,Ranji,, CBS - 7 KIRO: Web Edition Articles ,2023,"Cantwell grills Interior Secretary about missing, murdered Indigenous women","Seattle, King County, WA- Tacoma, Pierce County, WA","Yakima, Yakima County, WA- Washington State- National",Access World News (NewsBank),2-May,N/A,Web-Only Source,https://drive.google.com/file/d/1XZoNgbrw25W9ErW8OQikI1sc7K9vcb7s/view?usp=drive_link,1,0,0,1,1,,,,,,0,0,0,,,,,,,,,,,,
Dallas,Julia,, CBS - 7 KIRO: Web Edition Articles ,2023,"Bill passed WA Senate that would improve police communication on missing, murdered Inigenous women","Seattle, King County, WA- Tacoma, Pierce County, WA",Washington State,Access World News (NewsBank),6-Mar,N/A,Web-Only Source,https://drive.google.com/file/d/1ZNX3f9Q_stxuC69NNiZVMJk2fDSHsnaH/view?usp=drive_link,1,1,0,1,1,,,,,,1,0,0,,,,,,,,,,,,
Sun , Deedee ,, CBS - 7 KIRO: Web Edition Articles ,2022,Cold case unit proposed in AG's office to investigate missing and murdered indigenous people,"Seattle, King County, WA- Tacoma, Pierce County, WA",Washington State,Access World News (NewsBank),2-Aug,N/A,Web-Only Source,https://drive.google.com/file/d/1OtO64_71v7okTFG_9S2KWuJgFu5cj5Um/view?usp=drive_link,1,1,1,1,1,,,,,,1,1,0,,,,,,,,,,,,
Grande,Alison ,, CBS - 7 KIRO: Web Edition Articles ,2018,"New report sheds light on missing, murdered indigenous women","Seattle, King County, WA- Tacoma, Pierce County, WA","Washington State, National ",Access World News (NewsBank),20-Nov,N/A,Web-Only Source,https://drive.google.com/file/d/18NdSNdJeqli-oJ2JxASjmJ_O7FwowbOi/view?usp=drive_link,1,1,1,1,1,,,,,,1,1,1,,,,,,,,,,,,
Mariella Désir, Alison ,,Crosscut.com,2025,Out & Back: Competitive athlete Rosalie Fish -,"Seattle, King County, WA","Seattle, King County, WA",Access World News (NewsBank),6-Jan,N/A,Web-Only Source,https://drive.google.com/file/d/1wCqHAxrc6xFhpy1WIa_PlmBSojzv5Vep/view?usp=drive_link,1,1,1,1,1,,,,,,1,1,0,,,,,,,,,,,,
Reyna,Luna ,,Crosscut.com,2022,WA's missing Indigenous persons alert system saw a strong start,"Seattle, King County, WA","Puyallup, Pierce County, Washington State",Access World News (NewsBank),28-Dec,N/A,Web-Only Source,https://drive.google.com/file/d/1jcYyfEAQIDzeuRwu0gOvOh9IAm_Ra7E-/view?usp=drive_link,1,1,1,1,1,,,,,,1,1,0,,,,,,,,,,,,
Cohen, Josh ,,Crosscut.com,2022,Seattle community leaders have a lot to say about public safety,"Seattle, King County, WA","Seattle, King County, WA",Access World News (NewsBank),22-May,N/A,Web-Only Source,https://drive.google.com/file/d/17nyVV0rar0kPRfGts7xDAU0DKrnT1JpN/view?usp=drive_link,1,0,0,1,0,,,,,,1,0,0,,,,,,,,,,,,
Reyna ,Luna ,,Crosscut.com,2022,I'm not a token': Seattle council president Debora Juarez opens up,"Seattle, King County, WA","Puyallup, Pierce County, WA- Seattle, King County, WA",Access World News (NewsBank),17-Mar,N/A,Web-Only Source,https://drive.google.com/file/d/1LpEA_VAs2ZmOGdy6h7mp9OYjR9RDqJwn/view?usp=drive_link,1,1,0,1,1,,,,,,1,1,0,,,,,,,,,,,,
Reyna ,Luna ,,Crosscut.com,2022,WA is working on an Amber Alert for missing Indigenous people,"Seattle, King County, WA",Washington State- National ,Access World News (NewsBank),3-Feb,N/A,Web-Only Source,https://drive.google.com/file/d/1jcYyfEAQIDzeuRwu0gOvOh9IAm_Ra7E-/view?usp=drive_link,1,1,1,1,1,,,,,,1,1,0,,,,,,,,,,,,
Reyna,Luna ,,Crosscut.com,2021,Colville mother's conviction raises justice issues facing Native women,"Seattle, King County, WA","Colville Reservation,Okanogan County, WA ",Access World News (NewsBank),7-Dec,N/A,Web-Only Source,https://drive.google.com/file/d/1phdFz3Bh0qYTDOvkd3-5npJSLFVZsppg/view?usp=drive_link,1,1,1,1,1,,,,,,1,1,1,,,,,,,,,,,,
Syed , Maleeha,,Crosscut.com,2021,Indigenous families on the epidemic of missing and murdered women,"Seattle, King County, WA",Wyoming State- National ,Access World News (NewsBank),11-Oct,N/A,Web-Only Source,https://drive.google.com/file/d/1K-S6RRrUITza2eyWmq8botmYMdH6unAU/view?usp=drive_link,1,1,1,1,1,,,,,,1,1,0,,,,,,,,,,,,
Secaira, Manola ,,Crosscut.com,2019,We're literally invisible': How better data could help advocates for missing or murdered Native women,"Seattle, King County, WA","Washington State- Seattle, King County, WA- National- Arizona - Montana",Access World News (NewsBank),23-Jul,N/A,Web-Only Source,https://drive.google.com/file/d/1zUdxm5VvZyyHeaefmFHsCLqe6UKuTO4n/view?usp=drive_link,1,1,1,1,1,,,,,,1,1,1,,,,,,,,,,,,
Washines ,Emily,,Crosscut.com,2019,Who are the missing Native women and how do we find them?,"Seattle, King County, WA","Toppenish, Yakima County, WA- Yakama Reservation, Yakima County, WA - Washington State - National",Access World News (NewsBank),20-Jun,N/A,Web-Only Source,https://drive.google.com/file/d/1mLYQow2YlvUuXn3nChDVlN2fkeRj6LCX/view?usp=drive_link,1,0,0,1,1,,,,,,0,0,0,,,,,"																																					
																																					",,"                                                                                                                                                                                                                                                                                                        
                                                                                                                                                                                                                                                                                                        ",,,,,
Anderson ,Rick ,,Crosscut.com,2018,A new law addresses epidemic of missing and murdered Indigenous women,"Seattle, King County, WA","LeGrande, Union County, OR- Washington State - Yakama Revervation, Yakima County, WA - National. ",Access World News (NewsBank),16-Apr,N/A,Web-Only Source,https://drive.google.com/file/d/1lz51Q_CRUDWqBEp8WVhl9OMdUzT87Ddz/view?usp=drive_link,1,1,1,1,1,,,,,,1,1,1,,,,,,,,,,,,
Associated Press State Wire: Washington (WA),Associated Press State Wire: Washington (WA),,Associated Press State Wire (WA) ,2023,Washington creates missing Indigenous people cold case unit,Washington State. ,"Yakima County, WA-  Washington State- National. ",Access World News (NewsBank),28-Apr,N/A,Newswire,https://drive.google.com/file/d/15aumz_WAE9P689VUxPQ4gHUyKpp3SxE2/view?usp=drive_link,1,1,0,1,1,,,,,,1,0,0,,,,,,,,,,,,
AYER ,TAMMY ,Yakima Herald-Republic,Associated Press State Wire (WA) ,2020,Strong's family brings awareness to murdered Native people,Washington State. ,"Toppenish, Yakima County, WA- Yakama Reservation, Yakima County, WA- Seattle, King County, WA- Nisqually Reservation, Thurston County, WA. ",Access World News (NewsBank),3-Oct,N/A,Newswire,https://drive.google.com/file/d/1qxRR1ClLxdeIU_6xkm3G3X8X5VKIOjs4/view?usp=drive_link,1,1,1,1,0,,,,,,1,1,0,,,,,,,,,,,,
 Associated Press State Wire, Associated Press State Wire,,Associated Press State Wire (WA),2020,Task force on missing Native Americans resumes sessions,Washington State. ,"Flagstaff, Coconino County, AZ- Washington State-  National. ",Access World News (NewsBank),28-May,N/A,Newswire,https://drive.google.com/file/d/1O3PDwadEcUHoXrR4ZTDieGYwzp6Imo02/view?usp=drive_link,1,0,0,1,1,,,,,,0,0,0,,,,,,,,,,,,
SEWELL ,CYNTHIA,Idaho Statesman,Associated Press State Wire (WA) ,2019,"Scope of missing, murdered indigenous women in Idaho unknown",Washington State. ,"Boise, Ada County, Idaho- Idaho State- National- New Mexico. ",Access World News (NewsBank),21-Dec,N/A,Newswire,https://drive.google.com/file/d/1VZfhg0EV7OFNkaB1m9YBvTrbCLuJaFgh/view?usp=drive_link,1,1,1,1,1,,,,,,1,1,0,,,,,,,,,,,,
Associated Press State Wire,Associated Press State Wire,,Associated Press State Wire (WA),2019,"Seattle to address missing, murdered indigenous women crisis",Washington State. ,"Seattle, King County, WA",Access World News (NewsBank),10-Sep,N/A,Newswire,https://drive.google.com/file/d/1ALq-W9-31GR3PQKblin5-_wo2SVabdWF/view?usp=drive_link,1,1,0,1,1,,,,,,0,0,0,,,,,,,,,,,,
Associated Press State Wire,Associated Press State Wire,,Associated Press State Wire (WA) ,2019,Missing indigenous women spotlighted as bill signed,Washington State. ,"Olympia, Thurston County, WA - Washington State- National",Access World News (NewsBank),24-Apr,N/A,Newswire,https://drive.google.com/file/d/1MexdNu-DbDoZM_rVfXtptB8rgo72GHk7/view?usp=drive_link,1,1,0,1,1,,,,,,1,0,0,,,,,,,,,,,,
HUDETZ,MARY ,,Associated Press State Wire (WA) ,2018,"Study: Weak reporting on missing, murdered Native women",Washington State. ,"Albuquerque, Bernalillo County, New Mexico - Seattle, King County, WA. -North Dakota- National. ",Access World News (NewsBank),15-Nov,N/A,Newswire,https://drive.google.com/file/d/1wz8t06lCollrVKNQyrxiIHyZriaNPXHy/view?usp=drive_link,1,1,1,1,1,,,,,,1,1,1,,,,,,,,,,,,
COHEN ,SHARON ,AP National Writer,Associated Press State Wire (WA) ,2018,#NotInvisible: Why are Native American women vanishing?,Washington State. ,"Valier, Pondera County, Montana-  LaGrande, Union County, Oregon- Tacoma, Pierce, Washington- North Dakota- Cananda.",Access World News (NewsBank),6-Sep,N/A,Newswire,https://drive.google.com/file/d/1oqK5Hf0eCJqS1xrGoHYm_jT8KRKH-vUA/view?usp=drive_link,1,1,1,1,1,,,,,,1,1,1,,,,,,,,,,,,
COHEN ,SHARON ,AP National Writer (Duplicate but different title) ,Associated Press State Wire (WA) ,2018,Lawmakers seek answers for why Native American women vanish,Washington State. ,"Valier, Pondera County, Montana-  LaGrande, Union County, Oregon- Tacoma, Pierce, Washington- North Dakota- Cananda.",Access World News (NewsBank),5-Sep,N/A,Newswire,https://drive.google.com/file/d/1ZEEAAjQUxU6tTgtuaCeFN5Dbh6w7Lwuc/view?usp=drive_link,1,1,1,1,1,,,,,,1,1,1,,,,,,,,,,,,
HUDETZ,MARY ,Associated Press,Associated Press State Wire (WA) ,2018,"Despite past reforms, Native women face high rates of crime",Washington State. ,"Albuquerque, Bernalillo County, New Mexico - National - Alaska State. ",Access World News (NewsBank),5-Sep,N/A,Newswire,https://drive.google.com/file/d/1TcmMkhErmsAyDDU2XLp_0xu9Cpx_oVbR/view?usp=drive_link,1,1,0,1,1,,,,,,1,0,1,,,,,,,,,,,,
Yakima Herald- Republic Editorial Board,Yakima Herald- Republic Editorial Board,,"The Seattle Times (Seattle, WA) (2019-) *Newspaper: image edition*
",2025,Steps Toward Justice for Missing and Murdered Indigenous People,"Seattle, King County, Washington State. ","Washington State.-  Yakima, Yakima County, WA. ",Access World News (NewsBank),11-Jul,14,Newspaper-Image Edition,https://drive.google.com/file/d/1fCQOatYI7ib5WtPApbDF6xsu-mlOW2ra/view?usp=drive_link,1,1,1,1,1,,,,,,1,0,0,,,,,,,,,,,,
Girgis ,Lauren,,"The Seattle Times (Seattle, WA) (2019-) *Newspaper: image edition*",2025,New Cold Case Unit helps bring murder charges for first time,"Seattle, King County, Washington State. ","Washington State- Port Angeles, Clallam County, WA",Access World News (NewsBank),12-Jun,10,Newspaper-Image Edition,https://drive.google.com/file/d/1EQGYuIlm4kPHpDAUElHeIrzk4CYg0cjD/view?usp=sharing,1,1,1,1,1,,,,,,1,1,1,,,,,,,,,,,,
Ishisaka,Naomi ,,"The Seattle Times (Seattle, WA) (2019-) *Newspaper: image edition*",2025,Ishisaka from A8 ,"Seattle, King County, Washington State. ","National- Seattle, King County, WA. ",Access World News (NewsBank),12-May,9,Newspaper-Image Edition,https://drive.google.com/file/d/1W5_1U0QoPCP8axlC9UMcX6iF9cQUpv6c/view?usp=drive_link,1,1,1,1,1,,,,,,1,0,0,,,,,,,,,,,,
Macdonald,Moira ,,"The Seattle Times (Seattle, WA) (2019-) *Newspaper: image edition*",2024,Film focuses on missing Indigenous women (Listed above in the Seattle Times Text Version as well),"Seattle, King County, Washington State. ","National- Seattle, King County, WA. - Texas State- Tulalip Reservation, Snohomish County, WA- ",Access World News (NewsBank),24-Nov-24,55,Newspaper-Image Edition,https://drive.google.com/file/d/1bq1hmf_L0SGbjIs9uyo9iSQaXmUZ8Sp0/view?usp=drive_link,1,1,1,1,1,,,,,,1,1,1,,,,,,,,,,,,
Yoon-Hendricks,Alexandra ,,"The Seattle Times (Seattle, WA) (2019-) *Newspaper: image edition*",2024,"Native Group Ends Contract with Seattle Police, Says Ideas Rejected","Seattle, King County, Washington State. ","Seattle, King County, WA- Washington State- National",Access World News (NewsBank),11-Sep,6,Newspaper-Image Edition,https://drive.google.com/file/d/1T7YbQ7OBpqivKDDcmoVjfKca9BUTEbL5/view?usp=drive_link,1,1,0,1,1,,,,,,1,0,0,,,,,,,,,,,,
Ayer ,Tammy,,"The Seattle Times (Seattle, WA) (2019-) *Newspaper: image edition*",2023,FBI Investigates 1979 Quinalt Reservation Disappearances,"Seattle, King County, Washington State. ","Seattle, King County, WA- Yakama Reservation, Yakima County, WA- National",Access World News (NewsBank),9-Oct,9,Newspaper-Image Edition,https://drive.google.com/file/d/1SZ-3sj0WsAlu9ItJNxp4NkvEKI4Ha0_D/view?usp=drive_link,1,1,1,1,0,,,,,,1,1,1,,,,,,,,,,,,
Rowe,Claudia ,,"The Seattle Times (Seattle, WA) (2019-) *Newspaper: image edition*
",2023,"Daughters, mothers, friends: Serial Murder is still with us, but our focus has changed","Seattle, King County, Washington State. ","Oregon State- Massapequa Park, Nassau County, Long Island, New York State- Burien, King County, WA- New York City, NY- Portland, Multnomah County, Oregon ",Access World News (NewsBank),23-Jul,46,Newspaper-Image Edition,https://drive.google.com/file/d/14m9bymzgyNIjBW3Is0NjdFvlD693nP0_/view?usp=drive_link,0,0,1,1,0,,,,,,1,1,1,,,,,,,,,,,,
Ayer ,Tammy ,,"The Seattle Times (Seattle, WA) (2019-) *Newspaper: image edition*",2023,FBI Doubles Reward in Killing of Yakama Woman in New Mexico,"Seattle, King County, Washington State. ","New Mexico State- Laguna Pueblo, Cibola County, New Mexico
- Acoma Pueblo, Cibola County, New Mexico- 
Albuquerque, Bernalillo County, New Mexico- 
Toppenish, Yakima County, Washington",Access World News (NewsBank),11-Jul,Aug-32,Newspaper-Image Edition,https://drive.google.com/file/d/15auCxrQVYKtetpFTOCJ3NE131rgaPkkA/view?usp=drive_link,1,1,1,1,1,,,,,,1,1,1,,,,,,,,,,,,
Yoon-Hendricks,Alexandra ,,"The Seattle Times (Seattle, WA) (2019-) *Newspaper: image edition*",2023,Cold case unit launched for missing and murdered Indigenous people (Also listed above in text newspaper section) ,"Seattle, King County, Washington State. ","Washington State- Yakima, Yakima County, WA",Access World News (NewsBank),24-Apr,8+9,Newspaper-Image Edition,https://drive.google.com/file/d/1ie4dIXHwxG8DFrGhultAA0XfmUVxxl8J/view?usp=drive_link,1,1,1,1,1,,,,,,1,1,1,,,,,,,,,,,,
Radoc Cabahug,Jadenne,,"The Seattle Times (Seattle, WA) (2019-) *Newspaper: image edition*",2023, Bills would further address MMIW crisis (Also listed above in text newspaper section) ,"Seattle, King County, Washington State. ","Yakima, Yakima County, WA - Washington State ",Access World News (NewsBank),24-Jan,7+ 10,Newspaper-Image Edition,https://drive.google.com/file/d/1kblrX3xwFpQulYglnriCYA8mIXJYiyj2/view?usp=drive_link,1,1,1,1,1,,,,,,1,1,1,,,,,,,,,,,,
Ayer ,Tammy ,Yakima Herald-Republic ,"The Seattle Times (Seattle, WA) (2019-) *Newspaper: image edition*",2023,Cold Case Unit Sought for Indigenous People,"Seattle, King County, Washington State. ",Washington State- National,Access World News (NewsBank),10-Jan,26-Aug,Newspaper-Image Edition,https://drive.google.com/file/d/1Atjxirqv2fUjO8isBYm9F5_eOmNdfSsC/view?usp=drive_link,1,1,0,1,1,,,,,,1,0,0,,,,,,,,,,,,
Ayer ,Tammy ,Yakima Herald-Republic ,"The Seattle Times (Seattle, WA) (2019-) *Newspaper: image edition*",2022,Native Woman Slain in Seattle buried on Yakama Reservation,"Seattle, King County, Washington State. ","Seattle, King County, Washington State (UW Campus)- Yakima, Yakima County, WA. ",Access World News (NewsBank),24-Sep,8+ 10/ 26,Newspaper-Image Edition,https://drive.google.com/file/d/1Fhf2FFAmt5a98sY1K5-4I-BUT9HUOxAM/view?usp=sharing,1,1,1,0,1,,,,,,1,1,1,,,,,,,,,,,,
The Seattle Times editorial Board,Editorial Board ,,"The Seattle Times (Seattle, WA) (2019-) *Newspaper: image edition*",2022, Justice for missing and murdered Indigenous people (Also in text section above) ,"Seattle, King County, Washington State. ","Washington State, National ",Access World News (NewsBank),9-Aug,14/26,Newspaper-Image Edition,https://drive.google.com/file/d/1SNuXpzb_ys5awBxcxUYNif4W6MGpY6CT/view?usp=sharing,1,1,1,1,1,,,,,,1,0,0,,,,,,,,,,,,
Yoon-Hendricks,Alexandra ,,"The Seattle Times (Seattle, WA) (2019-) *Newspaper: image edition*",2022,Cold case unit urged for missing Indigenous people (Also in text section above) ,"Seattle, King County, WA",Washington State,Access World News ,2-Aug,26-Oct,Newspaper-Image Edition,https://drive.google.com/file/d/1aPb_QxiPDEaY3hki5wEMnVoVLMMUxQkM/view?usp=sharing,1,1,1,1,1,,,,,,1,0,0,,,,,,,,,,,,
 Zhou,Amanda,,"The Seattle Times (Seattle, WA) (2019-) *Newspaper: image edition*",2022,Alert system for missing Indigenous people begins (Also in text section above) ,"Seattle, King County, WA",Washington State,Access World News ,2-Jul,26-Aug,Newspaper-Image Edition,https://drive.google.com/file/d/1Na6LI4X2RKIp0TgZzo3xVpRnai6k1aBX/view?usp=sharing,1,0,0,1,1,,,,,,0,0,0,,,,,,,,,,,,
FLACCUS,GILLIAN ,TED S. WARREN; The Associated Press,"The Seattle Times (Seattle, WA) (2019-) *Newspaper: image edition*",2022,Gov. Inslee signs into law first-of-its-kind statewide missing Indigenous people alert (Also in text section above) ,"Seattle, King County, WA",Washington State,Access World News ,1-Apr,8+10/ 26,Newspaper-Image Edition,https://drive.google.com/file/d/1zKJrZlayG85bX4Ygo6XFWgAMN1uax-al/view?usp=drive_link,1,1,1,1,1,,,,,,1,1,1,,,,,,,,,,,,
Kahle,Sarah,,"The Seattle Times (Seattle, WA) (2019-) *Newspaper: image edition*",2022,House bills target crisis of missing Indigenous people in Washington State (Duplicate from Bellingham Herald),"Seattle, King County, WA",Washington State ,Access World News,"Janurary 17, 2022",8+10/26,Newspaper-Image Edition,https://drive.google.com/file/d/1VSdgifnW4zY6zp1MZPgqaQs2cQ1JegB4/view?usp=sharing,1,1,0,1,1,,,,,,1,0,0,,,,,,,,,,,,
Wark ,Grace ,,"The Seattle Times (Seattle, WA) (2019-) *Newspaper: image edition*",2021,End Cycle of Abuse,"Seattle, King County, WA","Bellingham, Whatcom County, WA",Access World News,21-Nov,50/137,Newspaper-Image Edition,https://drive.google.com/file/d/1mCtXI6OQczt3Ba4CrsABHLJp9-vkhCJ6/view?usp=sharing,1,0,0,1,0,,,,,,0,0,0,,,,,,,,,,,,
Forsman,Leonard,Esther Lucero,"The Seattle Times (Seattle, WA) (2019-) *Newspaper: image edition*",2021,"An Indigenous Champion for all Seattleites, Juarez Should Lead Council","Seattle, King County, WA","Seattle, King County, WA",Access World News,23-Dec,14/26,Newspaper-Image Edition,https://drive.google.com/file/d/19CDewash112nudy0tIZFysPCeAaAOUqx/view?usp=sharing,1,1,0,1,0,,,,,,1,0,0,,,,,,,,,,,,
 The Seattle Times editorial board, The Seattle Times editorial board,,"The Seattle Times (Seattle, WA) (2019-) *Newspaper: image edition*",2021,Justice delayed for murdered and missing Indigenous women (Also listed in text section),"Seattle, King County, WA",Washington State,Access World News ,10-Nov,14/28,Newspaper-Image Edition,https://drive.google.com/file/d/1GtNAEmYKkqYgu8HOl6zdx6x10zxqphM4/view?usp=sharing,1,1,1,1,1,,,,,,0,1,0,,,,,,,,,,,,
Ishisaka,Naomi ,,"The Seattle Times (Seattle, WA) (2019-) *Newspaper: image edition*",2021,Absolute Injustice' In Coverage of Missing,"Seattle, King County, WA","Wyoming State- National- Seattle, King County, WA- Washington State",Access World News,27-Sep,8+11/ 32,Newspaper-Image Edition,https://drive.google.com/file/d/1GO5MMWhfUDI-Bul6JQE6pjr2VnSuIqY5/view?usp=sharing,1,0,1,1,0,,,,,,1,1,0,,,,,,,,,,,,
Dodd,Amber D.,,"The Seattle Times (Seattle, WA) (2019-) *Newspaper: image edition*",2021,"Runs, ride honor murdered, missing Indigenous Women ","Seattle, King County, WA","Coeur d'Alene, Desmet, Benewah County, Idaho- Washington State- National- Washington D.C.",Access World News,3-Aug,28-Nov,Newspaper-Image Edition,https://drive.google.com/file/d/1sLy0nr-lTrb9J6PyI81yiHrnT6THBZJB/view?usp=sharing,1,1,1,1,1,,,,,,1,1,1,,,,,,,,,,,,
Ayer ,Tammy ,Yakima Herald- Republic,"The Seattle Times (Seattle, WA) (2019-) *Newspaper: image edition*",2021,Speaking out about missing and murdered Yakama men and boys,"Seattle, King County, WA","Yakima, Yakima County, WA- Oregon State- National",Access World News,6-Jul,26-Oct,Newspaper-Image Edition,https://drive.google.com/file/d/1xM2c42MxXdBkC7kXyaUUkmXE5XEu7Z7U/view?usp=sharing,1,0,1,1,0,,,,,,1,1,0,,,,,,,,,,,,
Ayer ,Tammy ,Yakima Herald- Republic,"The Seattle Times (Seattle, WA) (2019-) *Newspaper: image edition*",2021,"Yakama Nation Plans events to remember murdered, missing Indigenous females","Seattle, King County, WA","Toppenish, Yakima County, WA- National",Access World News,2-May,30/127,Newspaper-Image Edition,https://drive.google.com/file/d/13xc-HvFdYBIpUCsw3acSJ3821GR8kHVR/view?usp=sharing,1,1,1,1,0,,,,,,1,1,1,,,,,,,,,,,,
Pasia ,Nicole ,,"The Seattle Times (Seattle, WA) (2019-) *Newspaper: image edition*",2021,"When they gave her body bags instead of PPE, she crafted a healing ribbon dress ","Seattle, King County, WA","Seattle, King County, WA- Washington State- National",Access World News,4-Apr,49+52/ 121,Newspaper-Image Edition,https://drive.google.com/file/d/15pk-z7xIEk2lcm0C6SWkvFQxBZhdbIGS/view?usp=sharing,0,0,0,0,0,,,,,,1,1,0,,,,,,,,,,,,
Ayer ,Tammy ,Yakima Herald- Republic,"The Seattle Times (Seattle, WA) (2019-) *Newspaper: image edition*",2021,"Newhouse renews ask for federal help on missing, murdered Native women","Seattle, King County, WA","Yakima, Yakima and Klickitat County, WA- Washington State ",Access World News,30-Mar,26-Sep,Newspaper-Image Edition,https://drive.google.com/file/d/1aO5BKr9iWeN09n54SVHv0lqZct4f1YIb/view?usp=sharing,1,1,0,1,1,,,,,,0,0,0,,,,,,,,,,,,
Hansen ,Bettina ,,"The Seattle Times (Seattle, WA) (2019-) *Newspaper: image edition*",2020,"In Pioneer Square, a striking visual push to get voters to the polls","Seattle, King County, WA","Seattle, King County, WA",Access World News,3-Nov,26-Jan,Newspaper-Image Edition,https://drive.google.com/file/d/19VwhTxFCLj1JCf_g3qbAKjXelVB-2oZq/view?usp=sharing,1,1,0,1,0,,,,,,0,0,0,,,,,,,,,,,,
The Associated Press ,The Associated Press ,,"The Seattle Times (Seattle, WA) (2019-) *Newspaper: image edition*",2020,"Missing, Murdered Native Americans law signed ","Seattle, King County, WA","Fargo, Cass County, North Dakota- National",Access World News,12-Oct,28-Feb,Newspaper-Image Edition,https://drive.google.com/file/d/1fqDY0CwvEeFRlo40DeKL5aHE_xCcI5AF/view?usp=sharing,1,0,0,1,1,,,,,,0,1,0,,,,,,,,,,,,
Donovan- Smith ,Orion ,,"The Seattle Times (Seattle, WA) (2019-) *Newspaper: image edition*",2020,Push for House vote to protect Native women ,"Seattle, King County, WA",National- Washington State,Access World News,28-Jul,26-Nov,Newspaper-Image Edition,https://drive.google.com/file/d/1CcBicL1-XDlpGKbaJ9cKgcdiv8TB9rtr/view?usp=sharing,1,1,1,1,1,,,,,,1,1,0,,,,,,,,,,,,
 V. Mapes,Linda,,"The Seattle Times (Seattle, WA) (2019-) *Newspaper: image edition*",2020,"A brother’s grief, a city’s distress (Also in text section) ","Seattle, King County, WA","Seattle, King County, WA",Access World News ,30-Aug,1+ 12/123,Newspaper-Image Edition,https://drive.google.com/file/d/1ftdgN540HCRKwRMgVgKDEK6Lh69r-gl5/view?usp=sharing,0,1,1,1,1,,,,,,1,1,1,,,,,,,,,,,,
Ayer ,Tammy ,Yakima Herald- Republic ,"The Seattle Times (Seattle, WA) (2019-) *Newspaper: image edition*",2020,New App to Address crisis facing Native women,"Seattle, King County, WA","Yakima, Yakima County, WA- Alaska State- Lummi Reservation, Whatcom County, WA",Access World News ,22-Jan,26-Dec,Newspaper-Image Edition,https://drive.google.com/file/d/1DsvQLmouqwJcFBpxmjbwlEPkxB2bS8dW/view?usp=sharing,1,1,0,1,1,,,,,,1,0,0,,,,,,,,,,,,
Brownstone ,Sydney ,,"The Seattle Times (Seattle, WA) (2019-) *Newspaper: image edition*",2020,A Gap in Healing- Thunderbird Treatment Center,"Seattle, King County, WA","Renton, King County, WA",Access World News ,21-Jan,22-Jan,Newspaper-Image Edition,https://drive.google.com/file/d/1ctrBYC8fhaBw4e1sL3v9WYnOD_aX0p21/view?usp=sharing,1,1,1,0,0,,,,,,1,1,0,,,,,,,,,,,,
The Associated Press ,The Associated Press ,,"The Seattle Times (Seattle, WA) (2019-) *Newspaper: image edition*",2019,"Task force created to probe missing, slain Natives","Seattle, King County, WA",Washington- National ,Access World News ,27-Nov,30-Mar,Newspaper-Image Edition,https://drive.google.com/file/d/1rdwtwGEe9qmfUf-7e9jZcv0yml0PaJ7_/view?usp=sharing,1,1,0,1,1,,,,,,0,0,0,,,,,,,,,,,,
Balsamo ,Michael ,Felicia Fonseca ,"The Seattle Times (Seattle, WA) (2019-) *Newspaper: image edition*",2019,U.S Probes crimes against Native women,"Seattle, King County, WA","Montana State- National- Navajo Nation, AZ",Access World News ,24-Nov-24,22/114,Newspaper-Image Edition,https://drive.google.com/file/d/1sKqf0BGe0Lq2T0FZhS8ewR2lIE-vTz9K/view?usp=sharing,1,1,1,1,1,,,,,,1,1,0,,,,,,,,,,,,
Beekman ,Daniel ,,"The Seattle Times (Seattle, WA) (2019-) *Newspaper: image edition*",2019,Resolution to address crisis of violence against indigenous women (Similar article by same author in text version above) ,"Seattle, King County, WA","Seattle, King County, WA",Access World News ,10-Sep,B1+B5/ 22,Newspaper-Image Edition,https://drive.google.com/file/d/1IGq0mRYee-Igiaxph3wNz1dG23cnKzHI/view?usp=sharing,1,1,0,1,1,,,,,,1,0,0,,,,,,,,,,,,
The Seattle Times editorial board,,,"The Seattle Times (Seattle, WA) (2019-) *Newspaper: image edition*",2019,Giving voice to missing and murdered indigenous women (Duplicated elsewhere on google sheet) ,"Seattle, King, WA","Cheney, Spokane, WA",Access World News,17-Jun-19,24-Nov,Newspaper-Image Edition,https://drive.google.com/file/d/1Ug_-3jK9WBoPtAn1PWPv4Awkm6eNAoZt/view?usp=sharing,1,1,1,0,1,,,,,,0,1,0,,,,,,,,,,,,
Takahama ,Elise ,,"The Seattle Times (Seattle, WA) (2019-) *Newspaper: image edition*",2019,Photos of Kent Woman Missing Since 2009 to hit State High Ways- trucks to shed light on vanished native women (Duplicate articles in google sheets) ,"Seattle, King, WA","Kent, King County, WA- Idaho, Nevada, Montana",Access World News,6-Jun,B1+B2/ 24,Newspaper-Image Edition,https://drive.google.com/file/d/1SsJqHrz5tqYtPEUSF3iC2RabqZmNutsn/view?usp=sharing,1,1,1,1,0,,,,,,1,1,0,,,,,,,,,,,,
Green ,Sara Jean ,,"The Seattle Times (Seattle, WA) (2019-) *Newspaper: image edition*",2019,56 and Counting: State Patrol tracks missing Native Women,"Seattle, King, WA","Washington State- Yakima, Yakima County, WA",Access World News,5-Jun,A1+ A7/ 26,Newspaper-Image Edition,https://drive.google.com/file/d/1XF0ORj3wv8ZcyFtDMk1o9KQSJxY69oVA/view?usp=sharing,1,0,0,1,0,,,,,,1,0,0,,,,,,,,,,,,
Bilefsky ,Dan,Ian Austen ,"The Seattle Times (Seattle, WA) (2019-) *Newspaper: image edition*",2019,Indigenous Killings in Canada 'Genocide' ,"Seattle, King, WA","Canada National- Vancouver, BC, Canada",Access World News,4-Jun,22-Mar,Newspaper-Image Edition,https://drive.google.com/file/d/1kIbgWH8qkvqXyU6KGbjYNfKBuNRfGjAs/view?usp=sharing,1,1,1,1,1,,,,,,1,1,1,,,,,,,,,,,,
Trimmer,Dave,,"The Seattle Times (Seattle, WA) (2019-) *Newspaper: image edition*",2019,"A champion in track — and for missing, murdered indigenous women","Seattle, King, WA","Cheney, Spokane County, WA",Access World News,2-Jun,1+12/92,Newspaper-Image Edition,https://drive.google.com/file/d/1JjlOkoffy9GL1pdzlgwSij_JYAUQRW3D/view?usp=sharing,1,1,1,1,0,,,,,,1,1,0,,,,,,,,,,,,
Green ,Sara Jean ,,"The Seattle Times (Seattle, WA) (2019-) *Newspaper: image edition*",2019,"10 Years ago, a Kent Woman called 911, then vanished. Her aunt's still searching. ","Seattle, King, WA","Kent, King County, WA- Idaho, Nevada, Montana",Access World News,5-Apr,A1+A6/ 52,Newspaper-Image Edition,https://drive.google.com/file/d/1Ycj7FNeCmtE-ip9ubzuWEAn6pfLTPWwO/view?usp=sharing,1,1,1,1,0,,,,,,1,1,0,,,,,,,,,,,,
Davila ,Vianna,,"The Seattle Times (Seattle, WA) (2019-) *Newspaper: image edition*",2018,Survey: Native Women Suffer high rates of sexual assault ,"Seattle, King, WA","National- Alaska- Seattle, King County, WA",Access World News,24-Aug,May-54,Newspaper-Image Edition,https://drive.google.com/file/d/1Wl4eUuJ6UjAIGxrsaymmXzm4CSVipZwp/view?usp=sharing,1,0,0,1,0,,,,,,0,0,0,,,,,,,,,,,,
Mapes,Lynda ,,"The Seattle Times (Seattle, WA) (2019-) *Newspaper: image edition*",2018,Police arrest pipeline protesters downtown,"Seattle, King, WA","Seattle, King County, WA",Access World News,May 8th,B1+B3/ 24,Newspaper-Image Edition,https://drive.google.com/file/d/1f26_3BkjOHgn943QEiwXM1kKUlaJ4CKp/view?usp=sharing,1,1,0,0,0,,,,,,0,0,0,,,,,,,,,,,,
Hansen ,Bettina ,,"The Seattle Times (Seattle, WA) (2019-) *Newspaper: image edition*",2018,"We need action': Council calls attention to missing, slain indigenous women","Seattle, King, WA","Seattle, King County, WA",Access World News,May 2nd ,B1/ 28,Newspaper-Image Edition,https://drive.google.com/file/d/1FNMYq9CbGUgLkfxXCBuZEfzA9BBwLq3J/view?usp=sharing,1,1,1,1,0,,,,,,1,1,1,,,,,,,,,,,,
Beason,Tyrone ,,"The Seattle Times (Seattle, WA) (2019-) *Newspaper: image edition*",2018,Us Too ,"Seattle, King, WA",National ,Access World News,8-Apr,N12+ N25/ 108,Newspaper-Image Edition,https://drive.google.com/file/d/1yeXrEKi5Pixrjvi_dt0PfMKMXOV7wq9O/view?usp=sharing,1,1,1,0,1,,,,,,0,1,1,,,,,,,,,,,,
EDEN ,,,,,,,,,,,,,,,,,,,,,,,,,,,,,,,,,,,,,
Sprous,Caleb,,Anacortes American ,2025,Event held to bring awareness to missing and murdered Indigenous people ,"Anacortes, Skagit County, WA","Anacortes, Skagit County, WA",Access World News,6-May-25,N/A,Newspaper,https://drive.google.com/file/d/1x9hvKalEozWrxulJmxvueJTjtEq4TIIc/view?usp=share_link,1,1,0,1,0,,,,,,1,1,0,,,,,,,,,,,,
Alzola,Briana,,Anacortes American ,2022,Bill sets alerts for missing Indigenous women ,"Anacortes, Skagit County, WA",Washington State ,Access World News ,16-Mar-22,N/A,Newspaper,https://drive.google.com/file/d/11Jq5gMjOXvgW7jmzuO7oQ9iaOtz7J0C6/view?usp=share_link,1,1,0,1,1,,,,,,0,0,0,,,,,,,,,,,,
Alzola,Briana,,Anacortes American ,2019,"Event shares stories of slain, missing indigenous women ","Anacortes, Skagit County, WA","Anacortes, Skagit County, WA, Washington State ",Access World News ,15-May-19,N/A,Newspaper,https://drive.google.com/file/d/145f_HS-iyvxPvOq69YGh6BXnP9_qbOpd/view?usp=share_link,1,1,1,1,1,,,,,,1,1,1,,,,,,,,,,,,
Alzola,Briana,,Anacortes American ,2018,"Samish hold vigil for murdered, missing indigenous women ","Anacortes, Skagit County, WA","Anacortes, Skagit County, WA",Acess World News ,29-Aug-18,N/A,Newspaper,https://drive.google.com/file/d/1dRLagbAzFi5TWqNFbUiPc8dOqYanMEEV/view?usp=share_link,1,1,1,1,0,,,,,,1,1,0,,,,,,,,,,,,
Boxleitner,Kirk,,Arlington Times ,2016,"Earrings help people hear voices of missing, murdered Native American women ","Arlington, Snohomish County, WA","Marysville, Snohomish County, WA",Access World News ,15-Jan-16,N/A,Newspaper,https://drive.google.com/file/d/1oXmaefkcMHWGb6QbQPKAYrZxCF34Csbj/view?usp=share_link,1,1,0,1,1,,,,,,1,1,1,,,,,,,,,,,,
Josie,Bailey,,Auburn Reporter ,2024,Working toward justice for the missing and murdered in Washington ,"Auburn, King County, WA","Ferndale, Whatcom County, WA",Access World News ,28-Nov-24,N/A,Newspaper,https://drive.google.com/file/d/1uMO0DW5EtLgZ7ZBacOMke4mejC-qhPoV/view?usp=share_link,1,1,1,1,1,,,,,,1,1,1,,,,,,,,,,,,
N/A,N/A,,Auburn Reporter ,2023,"The land cries out': Family members of missing, murdered Indigenous people share stories ","Auburn, King County, WA",Washington State ,Access World News ,3-Jan-23,N/A,Newspaper,https://drive.google.com/file/d/1t0a85y6vpE2PJq5O9bUT28fvqJgMeGnn/view?usp=share_link,1,1,1,1,1,,,,,,1,1,1,,,,,,,,,,,,
N/A,N/A,,Auburn Reporter ,2022,Forum spotlights Washington's missing and murdered Indigenous people ,"Auburn, King County, WA","Kent, King County, WA, La Grande, Union County, OR, ",Access World News ,16-Nov-22,,Newspaper,https://drive.google.com/file/d/1utVBiSmLC-t0Pmtyd3WJH_dEl7mfXz-A/view?usp=share_link,1,1,1,1,1,,,,,,1,1,1,,,,,,,,,,,,
N/A,N/A,,Auburn Reporter ,2022,"PNW True Crime Fest in Auburn rallies a spooky, thoughtful community","Auburn, King County, WA","Auburn, King County, WA, Seattle, King County, WA",Access World News ,17-Oct-22,N/A,Newspaper,https://drive.google.com/file/d/10cYpWlqOjnRePVIZ7BBBScuETXZ4CfAd/view?usp=share_link,1,0,1,1,0,,,,,,0,1,1,,,,,,,,,,,,
Saunders,Hannah,,Auburn Reporter ,2022,No more stolen sisters: How WA is responding to missing and murdered Indigenous people ,"Auburn, King County,  WA","Seattle, King County, WA, Auburn, King County, WA, Renton, King County, WA, Kent, King County, WA, ",Access World News ,7-May-22,N/A,Newspaper,https://drive.google.com/file/d/1iR6FVsLrU6gFgMowW0qAHRewMgTb8s07/view?usp=share_link,1,1,1,1,1,,,,,,1,1,1,,,,,,,,,,,,
Breda,Isabella,,Auburn Reporter ,2022,New alert system aims to bring home missing Indigenous people ,"Auburn, King County, WA","Seattle, King County, WA, Tulalip, Snohomish County, WA, Marysville, Snohomish County, WA, Portland, Multnomah County, OR",Access World News ,12-Apr-22,N/A,Newspaper,https://drive.google.com/file/d/1RgxI5m1xowMFHzYFq8GAsyXwiEijYkOg/view?usp=share_link,1,1,1,1,1,,,,,,1,1,1,,,,,,,,,,,,
Hellmann,Melissa,,Auburn Reporter ,2019,Legislation targets missing murdered indigenous women epidemic ,"Auburn, King County, WA",National ,Access World News ,8-Feb-19,N/A,Newspaper,https://drive.google.com/file/d/1WOWRzqLbxRCCrMUVxMCogfOAdS6PbhFq/view?usp=share_link,1,1,1,1,1,,,,,,1,0,0,,,,,,,,,,,,
Hellmann,Melissa,,Auburn Reporter ,2019,Washington indigenous communities push for action to address violence against women ,"Auburn, King County, WA","Port Angeles, Clallam County, WA",Access World News ,14-Jan-19,N/A,Newspaper,https://drive.google.com/file/d/1Q--o0rSQ4Onw7hbHRlLQEOV0hkmikRyt/view?usp=share_link,1,1,1,1,1,,,,,,1,1,1,,,,,,,,,,,,
Josie,Bailey,,Bellevue Reporter ,2024,Working toward justice for the missing and murdered in Washington ,"Bellevue, King County, WA","Ferndale, Whatcom County, WA, Yakima, Yakima County, WA, ",Access World News ,28-Nov-24,N/A,Newspaper,https://drive.google.com/file/d/1-qE8RAqyowvOHa98CLFHY0-_-Wy6DCdv/view?usp=share_link,1,1,1,1,1,,,,,,1,1,1,,,,,,,,,,,,
N/A,N/A,,Bellevue Reporter ,2022,Forum spotlights Washington's missing and murdered Indigenous people ,"Bellevue, King County, WA","Kent, King County, WA, La Grande, Union County, OR, ",Access World News ,16-Nov-22,N/A,Newspaper,https://drive.google.com/file/d/1Bh7D78zjIv7eUv2ezduV9WM78GEAoevQ/view?usp=share_link,1,1,1,1,1,,,,,,1,1,1,,,,,,,,,,,,
Saunders,Hannah,,Bellevue Reporter ,2022,No more stolen sisters: How WA is responding to missing and murdered Indigenous people ,"Bellevue, King County, WA","Seattle, King County, WA, Auburn, King County, WA, Renton, King County, WA, Kent, King County, WA, ",Access World News ,7-May-22,N/A,Newspaper,https://drive.google.com/file/d/1NbsApwgRxKJXgn8-9JI_2yK2lmoqnRl9/view?usp=share_link,1,1,1,1,1,,,,,,1,1,1,,,,,,,,,,,,
Breda,Isabella,,Bellevue Reporter ,2022,New alert system aims to bring home missing Indigenous people ,"Bellevue, King County, WA","Seattle, King County, WA, Tulalip, Snohomish County, WA, Marysville, Snohomish County, WA, Portland, Multnomah County, OR",Access World News,12-Apr-22,N/A,Newspaper,https://drive.google.com/file/d/1-feS4Hs3cye08LnCSwo0RHtglklGA0iZ/view?usp=share_link,1,1,1,1,1,,,,,,1,1,1,,,,,,,,,,,,
Hellmann,Melissa,,Bellevue Reporter ,2019,Legislation targets missing murdered indigenous women epidemic ,"Bellevue, King County, WA",National ,Access World News ,8-Feb-19,N/A,Newspaper,https://drive.google.com/file/d/1LutKiCmtiD6GrCiDL2fquZb7paW7T96-/view?usp=share_link,1,1,1,1,1,,,,,,1,0,0,,,,,,,,,,,,
Hellmann,Melissa,,Bellevue Reporter ,2019,Washington indigenous communities push for action to address violence against women ,"Bellevue, King County, WA","Port Angeles, Clallam County, WA",Access World News ,14-Jan-19,N/A,Newspaper,https://drive.google.com/file/d/1BFTfooy5XHuSMN02FmmwYO_Ygkxh-xJg/view?usp=share_link,1,1,1,1,1,,,,,,1,1,1,,,,,,,,,,,,
Josie,Bailey,,Bothell-Kenmore Reporter ,2024,Working toward justice for the missing and murdered in Washington ,"Bothell, Snohomish County, WA","Ferndale, Whatcom County, WA, Yakima, Yakima County, WA, ",Access World News,28-Nov-24,N/A,Newspaper,https://drive.google.com/file/d/1Yz3IX5Vs3SM0tRmKg-ktixR4dS-umMvj/view?usp=share_link,1,1,1,1,1,,,,,,1,1,1,,,,,,,,,,,,
N/A,N/A,,Bothell-Kenmore Reporter ,2022,Forum spotlights Washington's missing and murdered Indigenous people ,"Bothell, Snohomish County, WA","Kent, King County, WA, La Grande, Union County, OR, ",Access World News ,18-Nov-22,N/A,Newspaper,https://drive.google.com/file/d/1_Q9XMp6G2BgudV83v48563agy2HjWfrO/view?usp=share_link,1,1,1,1,1,,,,,,1,1,1,,,,,,,,,,,,
Saunders,Hannah,,Bothell-Kenmore Reporter ,2022,No more stolen sisters: How WA is responding to missing and murdered Indigenous people ,"Bothell, Snohomish County, WA","Seattle, King County, WA, Auburn, King County, WA, Renton, King County, WA, Kent, King County, WA, ",Access World News ,7-May-22,N/A,Newspaper,https://drive.google.com/file/d/13PY7hI2Uy8ZpA8qLdHmV0h3aI53fkSGy/view?usp=share_link,1,1,1,1,1,,,,,,1,1,0,,,,,,,,,,,,
Breda,Isabella,,Bothell-Kenmore Reporter ,2022,New alert system aims to bring home missing Indigenous people ,"Bothell, Snohomish County, WA","Seattle, King County, WA, Tulalip, Snohomish County, WA, Marysville, Snohomish County, WA, Portland, Multnomah County, OR",Access World News ,12-Apr-22,N/A,Newspaper,https://drive.google.com/file/d/1iBwOCOvzeoM7uoRismZdAHUm5LN5_u3e/view?usp=share_link,1,1,1,1,1,,,,,,1,1,1,,,,,,,,,,,,
Hellmann,Melissa,,Bothell-Kenmore Reporter ,2019,Legislation targets missing murdered indigenous women epidemic ,"Bothell, Snohomish County, WA",National ,Access World News,8-Feb-19,N/A,Newspaper,https://drive.google.com/file/d/1TYNYXjo3n-3J_7UL5W_PlfjZqSDeefOh/view?usp=share_link,1,1,1,1,1,,,,,,1,0,0,,,,,,,,,,,,
Hellmann,Melissa,,Bothell-Kenmore Reporter ,2019,Washington indigenous communities push for action to address violence against women ,"Bothell, Snohomish County, WA","Port Angeles, Clallam County, WA",Access World News,"Janurary 14, 2019 ",N/A,Newspaper,https://drive.google.com/file/d/1nrkTUtPAPWlZrYEvkUMSBR0mQxr6jaNp/view?usp=share_link,1,1,1,1,1,,,,,,1,1,1,,,,,,,,,,,,
Todd,Annie,,Cascadia Daily News,2025,Coastal jam held to honor missing and murdered Indigenous people in Lummi Nation ,"Bellingham, Whatcom County, WA","Bellingham, Whatcom County, WA, British Columbia, Canada, National ",Access World News ,9-May-25,N/A,Newspaper-Image Edition,https://drive.google.com/file/d/12sGWLB_YmdohXDfhdDc9TryeQt9gXtzw/view?usp=share_link,1,1,1,1,0,,,,,,1,1,0,,,,,,,,,,,,
Community Voices,N/A,,Cascadia Daily News ,2024,"Week of May 17, 2024: Port history, harassment, white-coat labor, intersection abomination ","Bellingham, Whatcom County, WA",National ,Access World News,15-May-24,N/A,Newspaper-Image Edition,https://drive.google.com/file/d/1xfOhQzFMSq1MXidpyF2NvBr7RUhtkHAD/view?usp=share_link,1,0,0,1,0,,,,,,0,0,0,,,,,,,,,,,,
N/A,N/A,,Cascadia Daily News (7 Day Embargo),2025,"A14 News, James > From A1","Bellingham, Whatcom County, WA","Bellingham, Whatcom County, WA, British Columbia, Canada, National ",Access World News ,2-May-25,14,Newspaper,https://drive.google.com/file/d/1i7rNZZh-JOSSmEIdT-2DbmdHT3ACKvfB/view?usp=share_link,1,1,1,1,1,,,,,,1,1,0,,,,,,,,,,,,
N/A,N/A,,Cascadia Daily News (7 Day Embargo),2024,Limiting factors and increasing capacity for the Nation ,"Bellingham, Whatcom County, WA","Bellingham, Whatcom County, WA",Access World News,23-Aug-24,11,Newspaper,https://drive.google.com/file/d/1br4D0jYeWvopYC7g-rSoKJhtO7J4IXF8/view?usp=share_link,1,0,0,0,0,,,,,,0,0,0,,,,,,,,,,,,
Community Voices ,N/A,,Cascadia Daily News (7 Day Embargo) ,2024,"Port history, white-coat labor, intersection abomination ","Bellingham, Whatcom County, WA","Bellingham, Whatcom County, WA",Access World News,17-May-24,5,Newspaper-Image Edition,https://drive.google.com/file/d/1T8OWpEEHV5pqfTyFvKB_J0z8s1jDURT1/view?usp=share_link,1,0,0,1,0,,,,,,1,0,0,,,,,,,,,,,,
Lerner,Julia,,Cascadia Daily News (7 Day Embargo) ,2023,Lummi Nation honors missing and murdered Indigenous people,"Bellingham, Whatcom County, WA","Bellingham, Whatcom County, WA",Access World News,10-May-23,8,Newspaper-Image Edition,https://drive.google.com/file/d/1TO1CYwXf1MO9czxdT5D3ElY0L4vwDk8v/view?usp=share_link,1,1,1,1,1,,,,,,1,1,1,,,,,,,,,,,,
Charles,Sephora,,Bellingham Herald (2018-2025),2025,"1,648 missing Indigenous person reports in 20 years in Pierce Co. What's being done? ","Bellingham, Whatcom County, WA","Tacoma, Pierce County, WA ",Access World News,3-Sep-25,9,Newspaper-Image Edition,https://drive.google.com/file/d/1FrO1E7uNzva0qyJ8uz0waEE4kUXaBXsF/view?usp=share_link,1,1,1,1,1,,,,,,1,1,1,,,,,,,,,,,,
Bilbao,Martin,,Bellingham Herald (2018-2025) ,2025,Woman charged with murder in connection with 2016 Port Angeles MMIWP cold case ,"Bellingham, Whatcom County, WA","Port Angeles, Clallam County, WA",Access World News,15-Jun-25,10,Newspaper-Image Edition,https://drive.google.com/file/d/1ismEg-jgTK9vXBgZKUdcXLMW1OO6ChMV/view?usp=share_link,1,1,1,0,1,,,,,,1,1,1,,,,,,,,,,,,
Carter,Simone,,Bellingham Herald (2018-2025) ,2025,WA Senate honors missing & murdered indigenous women: 'No more stolen sisters',"Bellingham, Whatcom County, WA",Washington State,Access World News ,16-Apr-25,3,Newspaper-Image Edition,https://drive.google.com/file/d/1JcmSW-mDIeNlixbZHbhCb2IqjXpParSO/view?usp=share_link,1,1,0,1,1,,,,,,1,0,0,,,,,,,,,,,,
Van De Venter,Karlee,,Bellingham Herald (2018-2025),2023,"Washington's new Indigenous cold case unit, Missing and murdered Indigenous people in WA","Bellingham, Whatcom County, WA",Washington State,Access World News,"November 2015, 2023",3,Newspaper-Image Edition,https://drive.google.com/file/d/1goPWVzAVrmMAZTGf4F_GymocG2UgMW0P/view?usp=share_link,1,1,1,1,1,,,,,,1,0,0,,,,,,,,,,,,
Wiley,Hannah,,Bellingham Herald (2018-2025),2023,"After recent killings on California reservation, tribes ask for help to stem violence ","Bellingham, Whatcom County, WA","Mendocino County, CA, Del Norte County, CA, Humboldt County, CA, Klamath, Klamath County, OR, ",Access World News,14-May-23,45,Newspaper-Image Edition,https://drive.google.com/file/d/1F0TPeM-breXNPK56z12X1cPfWr6i4ycv/view?usp=share_link,1,1,1,1,1,,,,,,1,1,1,,,,,,,,,,,,
Wiley,Hannah,,Bellingham Herald (2018-2025),2023,Her mother disappeared. Then her babysitter. A lawman fears she might be next. ,"Bellingham, Whatcom County, WA","McKinleyville, Humboldt Coounty, CA",Access World News,19-Mar-23,"5, 6",Newspaper-Image Edition,https://drive.google.com/file/d/1v9IxCVs1z3cEmt8KVMNpCtH87WTqaoUG/view?usp=share_link,1,1,1,1,1,,,,,,1,1,0,,,,,,,,,,,,
Reese,Diana,,Bellingham Herald (2018-2025),2022,"Navajo woman walks from Arizona to D.C. to spotlight her missing aunt, other victims ","Bellingham, Whatcom County, WA","Sweetwater, Pima County, AZ, Washington D.C.",Access World News,14-Oct-22,"8,9",Newspaper-Image Edition,https://drive.google.com/file/d/1RWniJWQCC9GoqKz8piToCtsrba96eDZi/view?usp=share_link,1,1,1,1,1,,,,,,1,1,0,,,,,,,,,,,,
Rasbach,David,,Bellingham Herald (2018-2025),2022,"WA task force on missing Indigenous people stresses for funding, family support ","Bellingham, Whatcom County, WA","Yakima, Yakima County, WA, Washington State ",Access World News ,20-Sep-22,2A,Newspaper-Image Edition,https://drive.google.com/file/d/1yehF_DczGjGbLFQf4GEqOwfv5-yS1Rb4/view?usp=share_link,1,1,0,1,1,,,,,,1,0,0,,,,,,,,,,,,
Sowersby,Shauna ,,Bellingham Herald (2018-2025) ,2022,MMIWP,"Bellingham, Whatcom County, WA",Washington State ,Access World News ,3-Aug-22,3A,Newspaper-Image Edition,https://drive.google.com/file/d/1BsaWxca1jWR79tiAdN49DD4RNSlPyw8X/view?usp=share_link,1,1,1,1,1,,,,,,1,1,0,,,,,,,,,,,,
Brennan,Natasha,,Bellingham Herald (2018-2025),2022,Survivors and families share stories at gathering for missing and murdered Indigenous people ,"Bellingham, Whatcom County, WA","Seattle, King County, WA, Toppenish, Yakima County, WA, Tacoma, Pierce County, WA, National ",Access World News,9-May-22,4A,Newspaper-Image Edition,https://drive.google.com/file/d/1JIBZe69t9WvWGu4OLN8QzvAXJj-fNBRJ/view?usp=share_link,1,1,1,1,1,,,,,,1,1,0,,,,,,,,,,,,
Brennan,Natasha,,Bellingham Herald (2018-2025),2022,Lummi Nation ,"Bellingham, Whatcom County, WA","Seattle, King County, WA, Bellingham, Whatcom County, WA, ",Access World News,8-May-22,3A,Newspaper-Image Edition,https://drive.google.com/file/d/177OETgD1FvhxVXdINYIz9Oae-GCpYB35/view?usp=share_link,1,1,0,1,1,,,,,,1,0,0,,,,,,,,,,,,
Brennan,Natasha,,Bellingham Herald (2018-2025),2022,WA Senate passes first U.S. alert system for missing and murdered Indigenous people ,"Bellingham, Whatcom County, WA",Washington State ,Access World News ,7-Mar-22,4A,Newspaper-Image Edition,https://drive.google.com/file/d/1cshyMjtE7cKR-Y9knEh0ENSH0PV0Z6Fc/view?usp=share_link,1,1,1,1,1,,,,,,1,0,0,,,,,,,,,,,,
Kahle,Sarah,,Bellingham Herald (2018-2025),2022,House bills target crisis of missing Indigenous people in Washington State ,"Bellingham, Whatcom County, WA",Washington State ,Access World News,"Janurary 18, 2022",2A,Newspaper-Image Edition,https://drive.google.com/file/d/1nXOxTYdDil5ZZFq7hQENvjc6S2R38Cvz/view?usp=share_link,1,1,1,1,1,,,,,,1,1,1,,,,,,,,,,,,
Brennan,Natasha,,Bellingham Herald (2018-2025) ,2022,State bill would create alerts for missing Indigenous women ,"Bellingham, Whatcom County, WA",Washington State ,Access World News ,4-Jan-22,6A,Newspaper-Image Edition,https://drive.google.com/file/d/10TWIxF3BZCPs37t1sXcFgMXuwyfGIMTp/view?usp=share_link,1,1,1,1,1,,,,,,1,1,1,,,,,,,,,,,,
Brennan ,Natasha ,,Bellingham Herald (2018-2025),2021,From page 1A - Indigenous ,"Bellingham, Whatcom County, WA",National (United States and Canada) ,Access World News ,3-Oct-21,2A,Newspaper-Image Edition,https://drive.google.com/file/d/1C0NtlcV26dE2MoSyUpFBSRzIV-arhcXo/view?usp=share_link,1,0,0,1,0,,,,,,0,0,0,,,,,,,,,,,,
Brennan,Natasha,,Bellingham Herald (2018-2025) ,2021,"Missing, Murdered Indigenous Women task force announced ","Bellingham, Whatcom County, WA",Washington State,Access World News,13-Aug-21,2A,Newspaper-Image Edition,https://drive.google.com/file/d/1WfeXtdW2eVWuSBiHroKiog8I5WQ9m_Xc/view?usp=share_link,1,1,0,1,1,,,,,,1,0,0,,,,,,,,,,,,
Brennan,Natasha,,Bellingham Herald (2018-2025),2021,Native youth leaders get chance to advocate for causes ,"Bellingham, Whatcom County, WA","Seattle, King County, WA",Access World News,14-Jun-21,3A,Newspaper-Image Edition,https://drive.google.com/file/d/1gYRRXlOQ-HPvVjZwehr4rmPJ-OulF8zg/view?usp=share_link,1,1,1,0,1,,,,,,0,1,0,,,,,,,,,,,,
Fonseca,Felicia,Susan Montoya Bryan ,Bellingham Herald (2018-2025) ,2021,"Families, advocates mark day of awareness for Native victims ","Bellingham, Whatcom County, WA",National,Access World News,6-May-21,8,Newspaper-Image Edition,https://drive.google.com/file/d/1OcDxy-rG-BQGOczXRn7GaBbtE7TQBMHc/view?usp=share_link,1,1,0,1,1,,,,,,1,0,0,,,,,,,,,,,,
Pratt,Denver ,,Bellingham Herald (2018-2025),2021,"Washington to form task on missing, murdered Indigenous women ","Bellingham, Whatcom County, WA","Bellingham, Whatcom County, WA, Washington State ",Access World News,6-May-21,3A,Newspaper-Image Edition,https://drive.google.com/file/d/1QTK357mq1r22vc4UCd61HjXou5S0kO3F/view?usp=share_link,1,1,1,1,1,,,,,,1,0,0,,,,,,,,,,,,
Nowell,Cecilia,,Bellingham Herald (2018-2025),2021,Advocates: Interior program to fight 'crisis' of violence against Indigenoys women,"Bellingham, Whatcom County, WA",National,Access World News,21-Apr-21,18,Newspaper-Image Edition,https://drive.google.com/file/d/195mcm-O4FRZKxfJY5kXXw-wPp8FHKLB-/view?usp=share_link,1,1,1,1,1,,,,,,1,1,0,,,,,,,,,,,,
Cary,Annette,,Bellingham Herald (2018-2025),2021,Doug Emhoff hears pleas from Yakima Nation to breach Snake River dams ,"Bellingham, Whatcom County, WA","Yakima, Yakima County, WA, Washington State ",Access World News,8-Apr-21,4A,Newspaper-Image Edition,https://drive.google.com/file/d/1VopsgExQpKh-DFFIhPOEN3SlYAtbF3iS/view?usp=share_link,1,1,0,1,1,,,,,,0,0,0,,,,,,,,,,,,
Rasbach,David,,Bellingham Herald (2018-2025),2020,"DOJ names coordinator for missing, killed Native Americans","Bellingham, Whatcom County, WA",National,Access World News,14-Nov-20,2A,Newspaper-Image Edition,https://drive.google.com/file/d/1NmsOzcVvW04F9GFzt4Ta87jvL5fa2Jjo/view?usp=share_link,1,0,1,1,1,,,,,,0,1,1,,,,,,,,,,,,
Fonseca,Felicia,,Bellingham Herald (2018-2025),2020,Movement to highling missing Native women expands to Native men ,"Bellingham, Whatcom County, WA","Tuba City, Cococino County, AZ, Billings, Yellowstone County, MT ",Access World News,28-Jan-20,10,Newspaper-Image Edition,https://drive.google.com/file/d/1onWilIbDisdtyXQP6s46fwSRe_iTFcLQ/view?usp=share_link,1,1,1,1,1,,,,,,1,1,0,,,,,,,,,,,,
Ayer,Tammy,,Bellingham Herald (2018-2025),2020,Bellingham Company to improve safety on reservations,"Bellingham, Whatcom County, WA","Bellingham, Whatcom County, WA, Yakima, Yakima County, WA",Access World News,23-Jan-20,"3A, 9A",Newspaper-Image Edition,https://drive.google.com/file/d/1LLuIoJiYNoQEyW4b9p4vT2L8EpO1sKEB/view?usp=share_link,1,0,0,1,1,,,,,,1,0,0,,,,,,,,,,,,
Healy,Jack,,Bellingham Herald (2018-2025),2020,Crisis boils over as 28th Native woman vanishes,"Bellingham, Whatcom County, WA","Big Horn County, MT, National",Acces World News,20-Jan-20,"1, 2",Newspaper-Image Edition,https://drive.google.com/file/d/19TckFxzu8mhv21T1onO1w5qtPdRkxOlI/view?usp=share_link,1,1,1,1,1,,,,,,1,1,1,,,,,,,,,,,,
Healy,Jack,,Bellingham Herald (2018-2025),2019,A crisis of missing Native women -- and a new one when they're found ,"Bellingham, Whatcom County, WA",National,Access World News,25-Dec-19,"9, 10",Newspaper-Image Edition,https://drive.google.com/file/d/1r9DUxrJcr0DEJk2fipFfMTywKQohvJci/view?usp=share_link,1,1,1,1,1,,,,,,1,1,0,,,,,,,,,,,,
Sewell,Cynthia,,Bellingham Herald (2018-2025),2019,"Number of missing, killed Native women a crisis","Bellingham, Whatcom County, WA","Boise, Ada County, ID, Navajo Nation, AZ, National, United States, Canada",Access World News,15-Dec-19,"10, 11",Newspaper-Image Edition,https://drive.google.com/file/d/1qq4kEWXIkIasp1s7AXK9PDCdda1hDXEZ/view?usp=share_link,1,1,1,1,1,,,,,,1,1,0,,,,,,,,,,,,
Kole,William J. ,,Bellingham Herald (2018-2025),2019,No thanks: Native Americans to hold 50th gathering of grief,"Bellingham, Whatcom County, WA","Plymouth, Plymouth County, MA",Access World News,27-Nov-19,7,Newspaper-Image Edition,https://drive.google.com/file/d/1tANS0K0yR0r4-w4jbJRDXpWWGgJ5DnsT/view?usp=share_link,1,1,0,1,0,,,,,,0,0,0,,,,,,,,,,,,
Balsamo,Michael,Felicia Fonseca ,Bellingham Herald (2018-2025),2019,Attornery General Barr unveils plan on missing Native Americans ,"Bellingham, Whatcom County, WA",National,Access World News,23-Nov-19,"7, 8",Newspaper-Image Edition,https://drive.google.com/file/d/16wTt2neeScN8xvX8A_oqGZNlwSDUecID/view?usp=share_link,1,1,0,1,1,,,,,,1,0,0,,,,,,,,,,,,
Beekman,Daniel,,Bellingham Herald (2018-2025),2019,"Seattle to address violence against indigenous women, girls ","Bellingham, Whatcom County, WA","Seattle, King County, WA",Access World News,11-Sep-19,"2A, 7A",Newspaper-Image Edition,https://drive.google.com/file/d/1d2jmNx_cM0y9Mm93adm_UcbfRT-BaXR_/view?usp=share_link,1,1,0,1,1,,,,,,1,0,0,,,,,,,,,,,,
Shaffer,Josh,,Bellingham Herald (2018-2025),2019,Native American women can be 'easy prey' for violence - it's a crisis in NC,"Bellingham, Whatcom County, WA","North Carolina, National ",Access World News,9-Sep-19,"6, 7",Newspaper-Image Edition,https://drive.google.com/file/d/1pX1BhDWDHewSuP5IWVFxhg13Z1D0Psoh/view?usp=share_link,1,1,1,1,0,,,,,,1,1,1,,,,,,,,,,,,
"Editorial Board of the Columbian Vancouver, WA",,,Bellingham Herald (2018-2025),2019,"Native American women deserve action, justice","Bellingham, Whatcom County, WA",Washington State,Access World News,14-Jun-19,21,Newspaper-Image Edition,https://drive.google.com/file/d/11wc7VjYHEEMpAkcsdv2AAzvs-U5ivR2T/view?usp=share_link,1,0,0,1,1,,,,,,1,0,0,,,,,,,,,,,,
Elise,Takahama,,Bellingham Herald (2018-2025),2019,Please help find me': Photos of missing Kent woman to hit states' highways,"Bellingham, Whatcom County, WA","Kent, King County, WA, Washington State",Access World News,7-Jun-19,5A,Newspaper-Image Edition,https://drive.google.com/file/d/11wc7VjYHEEMpAkcsdv2AAzvs-U5ivR2T/view?usp=share_link,1,0,0,1,1,,,,,,1,0,0,,,,,,,,,,,,
Austen,Ian,Dan Bilefsky ,Bellingham Herald (2018-2025),2019,First Nations killings labeled 'genocide',"Bellingham, Whatcom County, WA","Gatineau, Quebec, Canada",Access World News,4-Jun-19,4A,Newspaper-Image Edition,https://drive.google.com/file/d/1uLxT9dZhiydXXVvRNu3Kac8ST7ZSt-4h/view?usp=share_link,1,0,1,1,1,,,,,,1,1,0,,,,,,,,,,,,
Austen,Ian,Dan Bilefsky ,Bellingham Herald (2018-2025),2019,"Killings of hundreds of indigenous women, girls labeled genocide in Canadian report ","Bellingham, Whatcom County, WA","Gatineau, Quebec, Canada",Access World News,4-Jun-19,17,Newspaper-Image Edition,https://drive.google.com/file/d/17fY6IItxQb4gGsFtW8Rcqaxd0Yw3W7Na/view?usp=share_link,1,1,1,1,1,,,,,,1,1,1,,,,,,,,,,,,
Associated Press,,,Bellingham Herald (2018-2025),2019,Missing indigenous women spotlighted as Wash. bill signed ,"Bellingham, Whatcom County, WA","Olympia, Thurston County, WA, National",Access World News,25-Apr-19,8,Newspaper-Image Edition,https://drive.google.com/file/d/1cCudgkQQP7MsZMOzW2j-WJG4R6n5opNl/view?usp=share_link,1,1,1,1,1,,,,,,1,0,0,,,,,,,,,,,,
Associates Press,,,Bellingham Herald (2018-2025),2019,Missing indigenoys women spotlighted as bill signed ,"Bellingham, Whatcom County, WA","Olympia, Thurston County, WA, National",Access World News,25-Apr-19,4A,Newspaper-Image Edition,https://drive.google.com/file/d/1zW_ZGbT06q_w2ie1obF6Sjq1Gh-sBnv5/view?usp=share_link,1,1,0,1,1,,,,,,1,0,0,,,,,,,,,,,,
Schor,Elana,,Bellingham Herald (2018-2025),2019,Warren urges 'action' at meeting with Native American women ,"Bellingham, Whatcom County, WA",National,Access World News,13-Feb-19,9,Newspaper-Image Edition,https://drive.google.com/file/d/1tNoyKN0TLGqENq9-FZ162w1Z-btagQrO/view?usp=share_link,1,1,1,1,1,,,,,,0,0,0,,,,,,,,,,,,
Frohne ,Lauren ,,Bellingham Herald (2018-2025),2018,Family of latest mising indigenous woman demands answers in Wapato ,"Bellingham, Whatcom County, WA","Wapato, Yakima County, WA",Access World News,29-Nov-18,3A,Newspaper-Image Edition,https://drive.google.com/file/d/13CijiNumzsoPW3D6eB_Or54zV8Sfo8Rp/view?usp=share_link,1,1,1,1,1,,,,,,1,1,0,,,,,,,,,,,,
Bush,Evan,,Bellingham Herald (2018-2025),2018,"Report faults data on missing, murdered indigenous women ","Bellingham, Whatcom County, WA","Seattle, King County, WA, Burien, King County, WA",Acccess World News,16-Nov-18,4A,Newspaper-Image Edition,https://drive.google.com/file/d/1Q1k7qAqUtPwHqj-d34115bMXttgd7qqr/view?usp=share_link,1,0,1,1,1,,,,,,1,1,0,,,,,,,,,,,,
Pratt,Denver,,Bellingham Herald: Web-Edition ,2021,"There's a crisis of missing, murdered Indigenous women. Here's what Washington plans ","Bellingham, Whatcom County, WA","Whatcom County, WA, Washington State ",Access World News,5-May-21,N/A,Web-Only Source,https://drive.google.com/file/d/1cUZv9BweFL1_Ii-VMtKxi2GQePanFm_9/view?usp=share_link,1,1,1,1,1,,,,,,1,0,0,,,,,,,,,,,,
Ayer,Tammy,,Bellingham Herald: Web-Edition ,2020,New app aims to reduce number of missing and murdered Native women ,"Bellingham, Whatcom County, WA","Bellingham, Whatcom County, WA, Wapato, Yakima County, WA, National",Access World News,22-Jan-20,N/A,Web-Only Source,https://drive.google.com/file/d/1Ttr1NpGij09GW5CbCD9cdnhFdqzB_QG_/view?usp=share_link,1,0,0,1,1,,,,,,1,0,0,,,,,,,,,,,,
Marinella,Mike ,,Cashmere Valley Record ,2023,"Newhouse Introduces legislation to strengthen Tribal Law Enforcement, address MMIW Crisis","Cashmere, Chelan County, WA","Washington, D.C.",Access World News,7-Mar-23,N/A,Newspaper,https://drive.google.com/file/d/1LDAMtC3RpX-klK08ka2rDwuWsRVQBjld/view?usp=share_link,1,1,0,1,1,,,,,,1,0,0,,,,,,,,,,,,
Balderas,Christian,,CBS - 2 KREM,2025,"Hundreds of Washington Native Americans gather to raise awareness for missing, murdered community members - Washington state is believed to have one of the highest numbers of missing and murdered Native Americans.","Spokane, Spokane County, WA","Nisqually, Thurston/Pierce County, WA, Washington State ",Access World News,5-May-25,N/A,Web-Only Source,https://drive.google.com/file/d/1Jdvb-k52AInLiJSN2T_sbfZ3Y3_uRmFA/view?usp=share_link,1,1,1,1,0,,,,,,0,1,0,,,,,,,,,,,,
Vista,Francesca Maxine ,,CBS - 2 KREM,2024,New assistant attorney hired to prosecute missing and murdered Indigenous people cases - Bree R. Black Horse is one of five attorneys chosen to help combat ongoing issues involving MMIP and tribal safety nationwide ,"Spokane, Spokane County, WA","Yakima, Yakima County, WA, National ",Access World News,29-Feb-24,N/A,Web-Only Source,https://drive.google.com/file/d/1693Z0pa64xH9vCclcesKh5HF5DmJVQrE/view?usp=share_link,1,0,0,1,1,,,,,,1,0,0,,,,,,,,,,,,
King 5 Staff ,,,CBS - 2 KREM,2023,"Man sentenced to 34 years in prison for murdering woman whose remains were found near UW campus - According to court documents, Charles Becker murdered the woman in his home then he stored her corpse ""for an extended amount of time."" ","Spokane, Spokane County, WA","Seattle, King County, WA",Access World News,30-Jun-24,N/A,Web-Only Source,https://drive.google.com/file/d/1tSofcnvAyKVIBZYIM-EuKgkbxbNUVrod/view?usp=share_link,1,0,1,1,0,,,,,,1,1,1,,,,,,,,,,,,
Henkels,Patrick,,CBS - 2 KREM,2023,"Kalispel Tribe to pay tribute to missing Indigenous women with Red Dress Dance and honor song - The performance is scheduled for May 1, 2023 and is open to the public to the casino ","Spokane, Spokane County, WA","Airway Heights, Spokane County, WA, Spokane, Spokane County, WA",Access World News,29-Apr-23,N/A,Web-Only Source,https://drive.google.com/file/d/1Wzb3JCc1trCVnA3aRitrEoOB1lJdXpep/view?usp=share_link,1,1,0,1,0,,,,,,1,0,0,,,,,,,,,,,,
Randhawa,PJ,,CBS - 2 KREM,2023,"Family searching for Kent woman who disappeared after haunting 911 call - For 14 years, a chilling 911 call and scream for help has haunted the family of missing mother Alyssa McLemore ","Spokane, Spokane County, WA","Kent, King County, WA",Access World News,27-Feb-23,N/A,Web-Only Source,https://drive.google.com/file/d/12q_5E13SSkCMScm8o2RFwc01bjzr308_/view?usp=share_link,1,1,1,1,1,,,,,,1,1,1,,,,,,,,,,,,
Randhawa,PJ,,CBS - 2 KREM,2023,They butchered him:' Shelton family find son's killer and dismembered remains after slow police response - Never before heard 911 calls and body cam video show the family of Derrick Wily begging Shelton police to investigate his murder. Help came too late. ,"Spokane, Spokane County, WA","Shelton, Mason County, WA",Access World News,15-Feb-23,N/A,Web-Only Source,https://drive.google.com/file/d/14iqbknxxLQ48I0XmKZPDtZWbDL2qbMLX/view?usp=share_link,1,1,1,1,1,,,,,,1,1,1,,,,,,,,,,,,
King 5 Staff ,,,CBS - 2 KREM,2022,"Suspect in case involving woman's remains found near UW campus charged - On Tuesday, Seattle police arrested a 32-year-old man after they connected him to DNA evidence found at the scene.","Spokane, Spokane County, WA","Seattle, King County, WA",Access World News,6-Oct-22,N/A,Web-Only Source,https://drive.google.com/file/d/1CX6JcxHvw5yZhqBgKwC6U3BY0arfdTnE/view?usp=share_link,1,1,1,1,1,,,,,,1,1,1,,,,,,,,,,,,
Randhawa,PJ,,CBS - 2 KREM,2022,Report: Seattle police's 'racial misclassifications' hiding crisis for missing and indigenous people - Seattle's City Council passes Resolution 31900 in 2019 to create a partnership between police and Seattle Indian Health Board's to improve data collection.,"Spokane, Spokane County, WA","Seattle, King County, WA",Access World News,19-May-22,N/A,Web-Only Source,https://drive.google.com/file/d/1hkEX5HGUpXo-403JYQJ3xkGBAYyjzLiq/view?usp=share_link,1,0,0,1,1,,,,,,0,0,0,,,,,,,,,,,,
Perez,Brianda,,CBS - 2 KREM,2022,Lawmakers look to designate May 5 as National Day for Missing and Murdered Native Women and Girls - The resolution calls for more work that needs to be done to address the cases of missing and murdered Native women and girls nationwide.,"Spokane, Spokane County, WA","Washington D.C., National",Access World News,5-May-22,N/A,Web-Only Source,https://drive.google.com/file/d/1ttasGyclXFUMlHUrZRTDab587I0k-ahY/view?usp=share_link,1,1,1,1,1,,,,,,1,1,0,,,,,,,,,,,,
Proctor,Cody ,,CBS - 2 KREM,2022,Empty red dress display at Northern Quest stark reminder of missing and murdered indigenous women - Kalispel Tribal elder Stephanie Stoop made a custom jingle dress for Thursday's ceremony put on by the Kalispel Tribe of Indians and by Northern Quest.,"Spokane, Spokane County, WA","Airway Heights, Spokane County, WA, Spokane, Spokane County, WA, Washington State ",Access World News ,5-May-22,N/A,Web-Only Source,https://drive.google.com/file/d/1E21UKCWRMDP4Us9e7W_KeVgtPdBxU3ZZ/view?usp=share_link,1,1,0,1,1,,,,,,0,0,0,,,,,,,,,,,,
Curtis,Channing ,,CBS - 2 KREM,2021,"Saving Our Sacred Sisters: What's being done to stop violence against Indigenous women - According to the U.S. Department of Justice, the number of Indigenous women living on tribal lands who are murdered is 10 times the national average.","Spokane, Spokane County, WA","Spokane, Spokane County, WA",Access World News,28-Oct-21,N/A,Web-Only Source,https://drive.google.com/file/d/1nE-HtvYKOKVw3Q9y8bZHjzgF2FBZQwCg/view?usp=share_link,1,1,1,1,1,,,,,,1,1,0,,,,,,,,,,,,
Trau,Morgan ,,CBS - 2 KREM,2021,"Deb Abrahamson, longtime environmental activist on Spokane reservation, dies at 66, She dedicated her life to making the world a better place, Spokane Tribe leaders said.","Spokane, Spokane County, WA","Spokane County, WA",Access World News,3-Jan-21,N/A,Web-Only Source,https://drive.google.com/file/d/110P2oW5OdSfL0fKYdXYf2jnwLAhuUxle/view?usp=share_link,1,1,0,0,1,,,,,,1,1,0,,,,,,,,,,,,
12 News,,,CBS - 2 KREM,2020,Navajo Nation commends signing of acts which address missing and murdered Indigenous women into law - President Donald Trump signed the Savanna's Act and Not Invisible Act signed into law on Saturday.,"Spokane, Spokane County, WA","Windrock, Apache County, AZ, National",Access World News,11-Oct-20,N/A,Web-Only Source,https://drive.google.com/file/d/14yQgN32Yy34vNcdLa952DHzscoCUyO-U/view?usp=share_link,1,0,1,1,1,,,,,,0,1,0,,,,,,,,,,,,
Mikkelsen,Drew,,CBS - 2 KREM,2019,Washington state alters approach to finding 56 missing indigenous women - A Washington State Patrol study identified 56 missing Native American women. ,"Spokane, Spokane County, WA","Olympia, Thurston County, WA",Access World News,5-Jun-19,N/A,Web-Only Source,https://drive.google.com/file/d/151UsRWiJe36mYRrcquvBGeQiCSolUYgb/view?usp=share_link,1,0,1,1,1,,,,,,1,1,0,,,,,,,,,,,,
Webb,Patrick,,Chinook Observer,2023,Chinook greeting welcomes somber exhibit - Museum highlights missing indigenous people ,"Long Beach, Pacific County, WA","Pacific/Wahkiakum County, WA",Access World News,31-May-23,N/A,Newspaper,https://drive.google.com/file/d/1NRWBXYUAv3pousHfif6ANyaN-ElyCwRi/view?usp=share_link,1,1,0,1,0,,,,,,1,1,0,,,,,,,,,,,,
The Chronicle Staff ,,,The Chronicle,2025,Washington's congressional delegation introduces bill to give tribal law enforcement equal footing with federal counterparts ,"Centralia, Lewis County, WA",National,Access World News,1-Aug-25,N/A,Newspaper,https://drive.google.com/file/d/1EEmqMhHSAZFVC_KjwNnZr9V4ln4WaUql/view?usp=share_link,1,0,0,1,1,,,,,,0,0,0,,,,,,,,,,,,
Roland,Mitchell,,The Chronicle,2024,Toledo police become first department to formally recognize missing and murdered indigenous women ,"Centralia, Lewis County, WA","Toledo, Lewis County, WA",Access World News ,8-May-24,N/A,Newspaper,https://drive.google.com/file/d/1y7H3_oEcF2PRdgM97dM_o3ABGiOEmhoj/view?usp=share_link,1,1,0,1,1,,,,,,1,0,0,,,,,,,,,,,,
The Chronicle Staff ,,,The Chronicle,2023,"Confederated Tribes of the Chehalis get $650,000 grant to support victims of domestic violence ","Centralia, Lewis County, WA","Chehalis, Lewis Countym WA, Washington State",Access World News,27-Oct-23,N/A,Newspaper,https://drive.google.com/file/d/1rAi-q6WZL7qxrjweGbt8wzbMUJ4EpuTT/view?usp=share_link,1,0,0,1,1,,,,,,0,0,0,,,,,,,,,,,,
Fairbanks,Katie,,The Chronicle,2023,"Cowlitz Indian Tribe Honors Missing, Murdered Members","Centralia, Lewis County, WA","Longview, Vancouver, Toledo, DuPont, Tukwila, Washington",Access World News,8-May-23,N/A,Newspaper,https://drive.google.com/file/d/1TNuqX0BcYyfjR2vXHrfKtoBTkgriVLFF/view?usp=share_link,1,1,1,1,1,,,,,,1,0,0,,,,,,,,,,,,
The Chronicle Staff ,,,The Chronicle,2023,Attorney General Bob Ferguson Partners With Lawmakers to Propose Legislation Targeting Native American Cold Cases,"Centralia, Lewis County, WA",Washington State,Access World News,9-Jan-23,N/A,Newspaper,https://drive.google.com/file/d/1IZXJzmdCkLzmU-X3lg7AUkFIWeF6aHt_/view?usp=share_link,1,1,0,1,1,,,,,,0,0,0,,,,,,,,,,,,
Ayer,Tammy,,The Chronicle,2022,"State Task Force on Missing Indigenous People Stresses Need for Funding, Family Support","Centralia, Lewis County, WA","Toppenish, Yakima County, WA, Washington State",Access World News ,19-Sep-22,N/A,Newspaper,https://drive.google.com/file/d/1lmWnwaW0GiIRpfJZmQjUO1yQy8mHJ8f4/view?usp=share_link,1,1,0,1,1,,,,,,1,0,0,,,,,,,,,,,,
Laurel,Demkovich,,The Chronicle,2022,State Task Force Releases First Recommendations Regarding Missing and Murdered Indigenous People ,"Centralia, Lewis County, WA","Olympia, Thurston County, WA, Washington State ",Access World News,2-Aug-22,N/A,Newspaper,https://drive.google.com/file/d/1slyt3-n47D17rCuLlB95yFotjUIFm80o/view?usp=share_link,1,1,0,1,1,,,,,,1,0,0,,,,,,,,,,,,
Hansen,Brandon,,The Chronicle,2022,New Statewide Alert System for Missing Indigenous People is a Welcomed Change for Nisqually Tribe ,"Centralia, Lewis County, WA",Washington State ,Access World News,26-Apr-22,N/A,Newspaper,https://drive.google.com/file/d/1vzfXRzzu6ucYa_GGjz16n_69kZcK0s0r/view?usp=share_link,1,1,1,1,1,,,,,,1,1,0,,,,,,,,,,,,
The Chronicle Staff ,,,The Chronicle,2022,Attorney General and Rep. Debra Lekanoff File Bill to Create Alert System for Missing Indigenous Women ,"Centralia, Lewis County, WA",Washington State,Access World News,3-Jan-22,N/A,Newspaper,https://drive.google.com/file/d/1nL1hW8KOulmxk7bVGek5-2zAAB3veYCS/view?usp=share_link,1,1,0,1,1,,,,,,1,0,0,,,,,,,,,,,,
Donovan-Smith,Orion ,,The Chronicle,2020,"Trump, Biden Plans Offer Different Levels of Detail for NW Tribes","Centralia, Lewis County, WA",National,Access World News,28-Oct-20,N/A,Newspaper,https://drive.google.com/file/d/1J3bqytXqiR83A5itWwHisyiO7veIgRr4/view?usp=share_link,1,0,0,1,1,,,,,,0,0,0,,,,,,,,,,,,
Donovan-Smith,Orion ,,The Chronicle,202,Washington Tribes React to Congressional Passage of Bills Addressing Missing and Murdered Native Women ,"Centralia, Lewis County, WA","Washington State, National",Access World News,22-Sep-20,N/A,Newspaper,https://drive.google.com/file/d/1SbltFyB7lg0-nFSuRBjF82GNF-hmy3rh/view?usp=share_link,1,1,1,1,1,,,,,,1,1,0,,,,,,,,,,,,
N/A,N/A,,The Daily Herald ,2024,"Film shines light on missing Tulalip woman's story -- and larger crisis - ""Missing From Fire Trail Road"" spotlights the unsolved case of Mary Johnson-Davis. It premieres Saturday at the Tribeca Film Festival in New York.","Everett, Snohomish County, WA","Everett, Snohomish County, WA",Access World News,5-Jun-24,N/A,Newspaper,https://drive.google.com/file/d/1gmNZgi4ZyX0ZPMslivgmNFRLddV4iRa9/view?usp=share_link,1,1,1,1,1,,,,,,1,1,0,,,,,,,,,,,,
N/A,N/A,,The Daily Herald ,2023,Filmmaker aims to shed light on missing Tulalip woman's cold case - Mary Ellen Johnson-Davis has been missing for 2 1/2 years with no word. Tassel's latest documentary. ,"Everett, Snohomish County, WA","Tulalip, Snohomish County, WA",Access World News,8-Jul-23,N/A,Newspaper,https://drive.google.com/file/d/1KAc79Z8D_xVVnXSmKjt4BAuXGi7kOrXo/view?usp=share_link,1,1,1,1,1,,,,,,1,1,0,,,,,,,,,,,,
N/A,N/A,,The Daily Herald ,2022,Washington launches new Indigenous missing person alert system - It's similar to an Amber Alert. Tulalip families of missing have called the program a good first step. ,"Everett, Snohomish County, WA","Tulalip, Snohomish County, WA",Access World News,"Jul1 1, 2022",N/A,Newspaper,https://drive.google.com/file/d/1VM5vYKgT2xRJzL0nKbNfMPldKkdDiEsD/view?usp=share_link,1,1,1,1,1,,,,,,1,0,0,,,,,,,,,,,,
N/A,N/A,,The Daily Herald ,2022,Conflicted' feeling in Tulalip: School mascot 'Tomahawks' to stay - A state law change fanned a year of debate over whether the mascot is offensive Tulalip elders tended to support it. ,"Everett, Snohomish County, WA","Marysville, Snohomish County, WA",Access World News,7-Jun-22,N/A,Newspaper,https://drive.google.com/file/d/1O5ATBIV05gGFEx-meaZmM3uJR1TmVqQh/view?usp=share_link,1,0,0,1,1,,,,,,1,0,0,,,,,,,,,,,,
N/A,N/A,,The Daily Herald ,2022,"Tulalip candlelight vigil honors missing, murdered Native women - On reservations, ""a lot of people just disappear and that's it."" A vigil aimed to bring closure and understanding of the history.","Everett, Snohomish County, WA","Tulalip, Snohomish County, WA, Everett, Snohomish County, WA",Access World News,7-May-22,N/A,Newspaper,https://drive.google.com/file/d/1cabqFwFigA_0ciV9mnEXn4yEyOyBSMNj/view?usp=share_link,1,1,1,1,0,,,,,,1,1,0,,,,,,,,,,,,
N/A,N/A,,The Daily Herald ,2022,"In Edmonds, red dresses represent a crisis of missing Native people - ""I don't want it to be accepted anymore,"" said a teen who organized an installation of the Red Dress Project at an Edmonds church.","Everett, Snohomish County, WA","Edmonds, Snohomish County, WA, Washington State",Access World News,5-May-22,N/A,Newspaper,https://drive.google.com/file/d/1Hy9w7-duRYCIQ6u8cPQf5Smo2MAXi8DU/view?usp=share_link,1,1,0,1,1,,,,,,1,1,0,,,,,,,,,,,,
N/A,N/A,,The Daily Herald ,2022,New alert system aims to bring home missing Indigenous people - Gov. Jay Inslee signed a law creating the new system. Families of the missing and murdered say it's a start.,"Everett, Snohomish County, WA","Tulalip, Snohomish County, WA, Washington State ",Access World News,11-Apr-22,N/A,Newspaper,https://drive.google.com/file/d/17jVann5UjVK1aXePzprwg_tJJ5ZWQJEu/view?usp=share_link,1,1,1,1,1,,,,,,1,1,1,,,,,,,,,,,,
N/A,N/A,,The Daily Herald ,2021,"Tulalip students say change starts with the mascot - Tony Hatch, a Marysville Pilchuck senior, has been the target of racist slurs and war calls. She - and many others - want change.","Everett, Snohomish County, WA","Marysville, Snohomish County, WA",Access World News,15-Dec-21,N/A,Newspaper,https://drive.google.com/file/d/1hcNUcYjrOPhFQ2dy_xnOu9OpnxLddVFR/view?usp=share_link,1,1,0,1,1,,,,,,1,1,0,,,,,,,,,,,,
N/A,N/A,,The Daily Herald ,2021,"Tulalip woman is among scores of missing Indigenous people - Mary Johnson-Davis, then 39, vanished over a year ago. A ceremony to honor her was held Thursday on the Tulalip Reservation. ","Everett, Snohomish County, WA","Tulalip, Snohomish County, WA",Access World News,9-Dec-21,N/A,Newspaper,https://drive.google.com/file/d/1Cy-XnP1wqlnelj77EMmknKgeYJSWMmmp/view?usp=share_link,1,1,1,1,1,,,,,,1,1,0,,,,,,,,,,,,
Hume,Wendelin,,The Daily Herald ,2021,Viewpoints: Indigenous people don't disappear; they're ignored - Spotty data and media bias have delayed justice for missing and murdered Indigenous people.,"Everett, Snohomish County, WA",National,Access World News,8-Nov-21,N/A,Newspaper,https://drive.google.com/file/d/14BbF5C4daik3i_0LIvhd25rLNysfKlWN/view?usp=share_link,1,1,1,1,1,,,,,,0,1,0,,,,,,,,,,,,
Cary,Annette,,The Daily Herald ,2021,2nd gentleman Doug Emhoff hears pleas from Yakama Nation - Tribal leaders want lower Snake River dams removed and help with missing and murdered tribal members.,"Everett, Snohomish County, WA","Toppenish, Yakima County, WA, National",Access World News,7-Apr-21,N/A,Newspaper,https://drive.google.com/file/d/1J8BXX75lNM63vKp4jUSnkGjcV3fY_AvK/view?usp=share_link,1,1,0,1,1,,,,,,1,0,0,,,,,,,,,,,,
Ayer,Tammy ,,The Daily Herald ,2019,"Tribal roles to focus on missing, murdered indigenous people - One position will be located in Olympia. The second will serve in Eastern Washington.","Everett, Snohomish County, WA",Washington State,Access World News,8-Oct-19,N/A,Newspaper,https://drive.google.com/file/d/1mkiQub7akiiez99tMD03xO-3HDJfe9ND/view?usp=share_link,1,0,0,1,1,,,,,,1,0,0,,,,,,,,,,,,
Bloomberg editors,,,The Daily Herald ,2019,Commentary: Confront violence against Native American women - Congress can improve law enforcement coordination with tribes and set new rules for reporting crime. ,"Everett, Snohomish County, WA",National,Access World News,17-Feb-19,N/A,Newspaper,https://drive.google.com/file/d/14HgXmVbnZyZjMdNh7MaIb03Sq1rGVEN7/view?usp=share_link,1,1,1,1,1,,,,,,0,1,0,,,,,,,,,,,,
N/A,N/A,,The Daily Herald ,2019,"Legislation targets missing and murdered indigenous women - Savanna's Act, co-sponsored by Sen. Cantwell, seeks to improve tribal access to federal crime databases ","Everett, Snohomish County, WA","Puyallup, Pierce County, WA, National",Access World News,8-Feb-19,N/A,Newspaper,https://drive.google.com/file/d/1mxKDWoXK1Tg-eFnlZt_sHvEB7QWmzExq/view?usp=share_link,1,1,1,1,1,,,,,,1,0,0,,,,,,,,,,,,
N/A,N/A,,The Daily Herald ,2019,Urban indigenous communities want violence addressed - Report: 71 urban indigenous women are missing or murdered in Washington state. ,"Everett, Snohomish County, WA","Port Angeles, Clallam County, WA, National, Canad",Access World News,9-Jan-19,N/A,Newspaper,https://drive.google.com/file/d/1f_IggUBFpQ-5SeNBVIOjTh9kgQ1SwTed/view?usp=share_link,1,1,1,1,1,,,,,,1,1,1,,,,,,,,,,,,
Ayer,Tammy,,The Daily Herald ,2018,"First steps taken to count missing, murdered Yakama women and girls - On some reservations, Native American women are murdered ar a rate 10 times the national average.","Everett, Snohomish County, WA","Yakima/Kittitas County, National",Access World News,18-Sep-18,N/A,Newspaper,https://drive.google.com/file/d/1-ZJaFT21bnkNCpIc6tazqlNSzh0wwBcs/view?usp=share_link,1,1,1,1,1,,,,,,1,1,1,,,,,,,,,,,,
N/A,N/A,,The Daily Herald ,2016,Hibulb exhibit all about remembering ,"Everett, Snohomish County, WA","Tulalip, Snohomish County, WA",Access World News,22-Jan-16,N/A,Newspaper,https://drive.google.com/file/d/1sC_2fzYrWz051K1Mp-rb2WR0C5989BUP/view?usp=share_link,1,1,0,1,1,,,,,,1,0,0,,,,,,,,,,,,
Staff Writer,,,The Daily News,2025,Task force is showing results ,"Longview, Cowlitz County, WA",Washington State,Access World News,12-Jul-25,N/A,Newspaper,https://drive.google.com/file/d/1888LMDYo-1stBZqQmxiQwGup6Pv5fHZI/view?usp=share_link,1,1,1,1,1,,,,,,1,1,1,,,,,,,,,,,,
Ayer,Tammy,,The Daily News,2024,More support for families in place tp address crisis of missing and murdered Indigenous people in WA,"Longview, Cowlitz County, WA","Toppenish, Yakima County, WA, Washington State",Access World News,20-Nov-24,N/A,Newspaper,https://drive.google.com/file/d/1S_DCo1czpEqo83KW7OFgcYA6wsiNcyj1/view?usp=share_link,1,1,0,1,1,,,,,,1,0,0,,,,,,,,,,,,
Donovan-Smith,Orion,,The Daily News,2023,Justice Department chooses Eastern Washington as focus of effort to solve cases of missing and slain Indigenous people,"Longview, Cowlitz County, WA",Washington State ,Access World News,7-Jul-23,N/A,Newspaper,https://drive.google.com/file/d/1-sMuOThRKRX0UW9o0hF8_CkskrHGAZjb/view?usp=share_link,1,1,1,1,1,,,,,,1,1,1,,,,,,,,,,,,
N/A,N/A,,The Daily News,2023,Our view: Cowlitz Tribe has made impressive strides,"Longview, Cowlitz County, WA","La Center, Cowlitz Countym WA, Kalama, Cowlitz County, WA",Access World News,14-May-23,N/A,Newspaper,https://drive.google.com/file/d/1T4L9TIf2tWD5lTyPTzEullBrkrMLWTG4/view?usp=share_link,1,1,0,1,0,,,,,,0,0,0,,,,,,,,,,,,
Fairbanks,Katie,,The Daily News,2023,"Cowlitz Indian Tribe honors missing, murdered members","Longview, Cowlitz County, WA","Longview, Cowlitz County, WA, Toledo, Lewis County, WA, DuPont, Pierce County, WA, Tukwila, King County, WA, Vancouver, Clark County, WA, Washington State ",Access World News,6-May-23,N/A,Newspaper,https://drive.google.com/file/d/1xds2imeW8XW8UTUn7k4cWBSCbgpB3URd/view?usp=share_link,1,1,1,1,1,,,,,,1,0,0,,,,,,,,,,,,
Miller,Bruce R.,,The Daily News,2022,"Hilary Swank stars in ""Alaska Daily"", a drama that uplifts journalism ","Longview, Cowlitz County, WA",National,Access World News,22-Oct-22,N/A,Newspaper,https://drive.google.com/file/d/1bQJzrszg_vd-jbzKdoC8GyQkGtkSxR__/view?usp=share_link,1,0,0,1,0,,,,,,1,0,0,,,,,,,,,,,,
Kauffman,Brennen,,The Daily News,2022,Cowlitz Tribe Members applaud launch of missing Indigenous alert system,"Longview, Cowlitz County, WA",Washington State ,Access World News,6-Apr-22,N/A,Newspaper,https://drive.google.com/file/d/19tMUulvzhkzI47yxeD3KDp_gfi0rj4wW/view?usp=share_link,1,1,1,1,1,,,,,,1,1,0,,,,,,,,,,,,
Kirshenbaum,Josh,,The Daily News,2021,I'm determined to represent these tribes': Rosalie Fish is set to come home ,"Longview, Cowlitz County, WA",Washington State ,Access World News,27-Jan-21,N/A,Newspaper,https://drive.google.com/file/d/1AhBa_wkEgX99eTdqv_IBzTRCNJAWc01w/view?usp=share_link,1,1,1,1,0,,,,,,0,0,0,,,,,,,,,,,,
Staff Writer,,,The Daily News,2019,Recognize Indigenous Peoples Day ,"Longview, Cowlitz County, WA","Wisconsin, National",Access World News,11-Oct-19,N/A,Newspaper,https://drive.google.com/file/d/1mgcnmPgFb8O8wZx2Kp9Qsl1A5bGgKaD4/view?usp=share_link,1,1,0,0,1,,,,,,1,0,0,,,,,,,,,,,,
Mize,Jefferey,,The Daily News,2019,"Cowlitz canoe journey honors tribal ancestors, forges bonds","Longview, Cowlitz County, WA","Vancouver, Clark County, WA, Camas, Clark County, WA, Bellingham, Whatcom County, WA, La Center, Cowlitz County, WA, National",Access World News,14-Jul-19,N/A,Newspaper,https://drive.google.com/file/d/1dh9up5Pp2uKgw50RON4ojgsESorGibWM/view?usp=share_link,1,1,1,1,1,,,,,,1,1,0,,,,,,,,,,,,
N/A,N/A,,The Daily Record (2024-2025),2024,"Fancy Dance' balances heartbreak, humor in story of missing Indigenous woman","Ellensburg, Kittitas County, WA","Los Angeles, Los Angeles County, CA",Access World News,20-Jun-24,A2,Newspaper-Image Edition,https://drive.google.com/file/d/1hczuz98y16S-F1_fBWzx6TUbAUAJ_Wek/view?usp=share_link,1,1,1,1,1,,,,,,1,1,0,,,,,,,,,,,,
N/A,N/A,,The Daily World ,2024,"Native students, educators raise awareness for victims of violence ","Aberdeen, Grays Harbor County, WA","Ocean Shores, Grays Harbor County, Washington State ",Access World News,8-May-24,N/A,Newspaper,https://drive.google.com/file/d/1n8Qki_CEyTIHUPMhM0F-QUdkfe9sYd0_/view?usp=share_link,1,1,1,1,1,,,,,,1,1,1,,,,,,,,,,,,
N/A,N/A,,The Daily World ,2023,No More Stolen Sisters',"Aberdeen, Grays Harbor County, WA","Hoquiam, Grays Harbor County, WA",Access World News,8-May-23,N/A,Newspaper,https://drive.google.com/file/d/1eg6jjF0eHRhxXZUGGXTb08JVt_3S8JhQ/view?usp=share_link,1,1,0,1,0,,,,,,1,0,0,,,,,,,,,,,,
N/A,N/A,,The Daily World ,2022,Indigenous students at Hoquiam High School speak up,"Aberdeen, Grays Harbor County, WA","Hoquiam, Grays Harbor County, WA",Access World News,7-May-22,N/A,Newspaper,https://drive.google.com/file/d/1h1cw5yeqQLPTEynlmRjpsWAb0xNMK081/view?usp=share_link,1,1,1,1,0,,,,,,1,1,1,,,,,,,,,,,,
N/A,N/A,,The Daily World ,2021,2nd Gentleman Doug Emhoff hears pleas to breach Snake River damns during visit,"Aberdeen, Grays Harbor County, WA","Toppenish, Yakima County, WA",Access World News,7-Apr-21,N/A,Newspaper,https://drive.google.com/file/d/1BLNdSK7-JRcJTzmpu4CAlDTldZmxUDy8/view?usp=share_link,1,1,0,1,1,,,,,,1,0,0,,,,,,,,,,,,
Newhouse,Dan,,The Daily World ,2024,Fighting crime and reforming healthcare in tribal communities,"Wenatchee, Chelan County, WA","Central Washington State, National",Access World News,15-Aug-24,N/A,Newspaper,https://drive.google.com/file/d/1bAq4UXzR8geFCHILADUz_hcKbg_dFrav/view?usp=share_link,1,1,0,1,1,,,,,,1,0,0,,,,,,,,,,,,
Newhouse,Dan,,The Daily World ,2020,Recognizing Native American Heritage Month ,"Wenatchee, Chelan County, WA",Washington State ,Access World News,10-Dec-20,N/A,Newspaper,https://drive.google.com/file/d/1kia74fO9zjb9J1eJXRw_WRX49gadAQZ6/view?usp=share_link,1,0,0,1,1,,,,,,0,0,0,,,,,,,,,,,,
Josie,Bailey,,Enumclaw Courier-Herald,2024,Working toward justice for the missing and murdered in Washington ,"Enumclaw, King County, WA",Washington State ,Access World News,28-Nov-24,N/A,Newspaper,https://drive.google.com/file/d/1JuZ0zkEIIz4_-AWcuYkoNvtsyYmnheLO/view?usp=share_link,1,1,1,1,1,,,,,,1,1,1,,,,,,,,,,,,
N/A,N/A,,Enumclaw Courier-Herald,2022,Forum spotlights Washington's missing and murdered Indigenous people ,"Enumclaw, King County, WA",Washington State,Access World News,16-Nov-22,N/A,Newspaper,https://drive.google.com/file/d/1cudQ85cVQBxfwda3IJ04JnKfDcfpFRGZ/view?usp=share_link,1,1,1,1,1,,,,,,1,1,1,,,,,,,,,,,,
N/A,N/A,,Enumclaw Courier-Herald,2022,No more stolen sisters: How WA is responding to missing and murdered Indigenous people ,"Enumclaw, King County, WA","King County, WA, Washington State, National",Access World News,7-May-25,N/A,Newspaper,https://drive.google.com/file/d/1oNojU1T7g0l8lJlcw7SOemsP80KQrTCF/view?usp=share_link,1,1,1,1,1,,,,,,1,1,1,,,,,,,,,,,,
N/A,N/A,,Enumclaw Courier-Herald,2022,New alert system aims to bring home missing Indigenous people ,"Enumclaw, King County, WA","Marysville, Snohomish County, WA, Tulalip, Snohomish County, WA, Washington State ",Access World News,12-Apr-22,N/A,Newspaper,https://drive.google.com/file/d/1Khc9l1uDdyxroTHPnM8Y2TbArv-BSNZy/view?usp=share_link,1,1,1,1,1,,,,,,1,1,1,,,,,,,,,,,,
Hellmann,Melissa,,Enumclaw Courier-Herald,2019,Legislation targets missing and murdered indigenous women epidemic ,"Enumclaw, King County, WA","Washington State, National",Access World News,8-Feb-19,N/A,Newspaper,https://drive.google.com/file/d/1ghN-D2OkbDu1y-qROXf7TEvKurh5oFEv/view?usp=share_link,1,1,1,1,1,,,,,,1,0,0,,,,,,,,,,,,
Hellmann,Melissa,,Enumclaw Courier-Herald,2019,Washington indigenous communities push for action to address violence against women ,"Enumclaw, King County, WA","Port Angeles, Clallam County, WA",Access World News,14-Jan-19,N/A,Newspaper,https://drive.google.com/file/d/1ghN-D2OkbDu1y-qROXf7TEvKurh5oFEv/view?usp=share_link,1,1,1,1,1,,,,,,1,0,0,,,,,,,,,,,,
Josie,Bailey,,Federal Way Mirror,2024,Working toward justice for the missing and murdered in Washington ,"Federal Way, King County, WA",Washington State,Access World News,28-Nov-24,N/A,Newspaper,https://drive.google.com/file/d/1YXq9EjldIhHfb5P0rTsyKPC5ZHD6a7nd/view?usp=share_link,1,1,1,1,1,,,,,,1,1,1,,,,,,,,,,,,
N/A,N/A,,Federal Way Mirror,2022,"The land cries out': Family members of missing, murdered Indigenous people share stories ","Federal Way, King County, WA",Washington State,Access World News,28-Nov-24,N/A,Newspaper,https://drive.google.com/file/d/1C3nQam7myMb35iiHK5j0LuYfaORvkG6h/view?usp=share_link,1,1,1,1,1,,,,,,1,1,1,,,,,,,,,,,,
N/A,N/A,,Federal Way Mirror,2022,Forum spotlights Washington's missing and murdered Indigenous people ,"Federal Way, King County, WA",Washington State,Access World News,16-Nov-22,N/A,Newspaper,https://drive.google.com/file/d/1E6B2a1eUCDlwIFufiC_v4spi5dQYiEH0/view?usp=share_link,1,1,1,1,1,,,,,,1,1,1,,,,,,,,,,,,
Saunders,Hannah,,Federal Way Mirror,2022,No more stolen sisters: How WA is responding to missing and murdered Indigenous people ,"Federal Way, King County, WA","Washington State, National",Access World News,7-May-22,N/A,Newspaper,https://drive.google.com/file/d/1b45t6y-VMtqohnm2YXfmvI_oCJVU42O7/view?usp=share_link,1,1,1,1,1,,,,,,1,1,0,,,,,,,,,,,,
Breda,Isabella,,Federal Way Mirror,2022,New alert system aims to bring home missing Indigenous people,"Federal Way, King County, WA","Marysville, Snohomish County, WA, Tulalip, Snohomish County, WA, Washington State ",Access World News,12-Apr-22,N/A,Newspaper,https://drive.google.com/file/d/1Om6RgbySnMvTS3tj4hgKLh1S7ln-gaTW/view?usp=share_link,1,1,1,1,1,,,,,,1,1,1,,,,,,,,,,,,
Hellmann,Melissa,,Federal Way Mirror,2019,Legislation targets missing and murdered indigenous women epidemic ,"Federal Way, King County, WA","Washington State, National",Access World News,8-Feb-19,N/A,Newspaper,https://drive.google.com/file/d/1hlP-7pzczor9ICi6wPQ7y62SwCZlFpxt/view?usp=share_link,1,1,1,1,1,,,,,,1,0,0,,,,,,,,,,,,
Hellmann,Melissa,,Federal Way Mirror,2019,Washington indigenous communities push for action to address violence against women ,"Federal Way, King County, WA","Port Angeles, Clallam County, WA",Access World News,14-Jan-19,N/A,Newspaper,https://drive.google.com/file/d/1xtCopIPdPRfj88yZcxSvpWfJ_Oz5ve4q/view?usp=share_link,1,1,1,1,1,,,,,,1,1,1,,,,,,,,,,,,
Torgersen,Rune,,Columbia Basin Herald ,2023,"CWU students pursure success in apparel, textiles and merchandising ","Moses Lake, Grant County, WA","Ellensburg, Kittitas County, WA",Access World News,13-Jul-23,N/A,Newspaper,https://drive.google.com/file/d/1yxLqNaze9TizcnerXvksdnwri1Dt1sAs/view?usp=share_link,1,1,0,1,0,,,,,,0,0,0,,,,,,,,,,,,
Diaz,Renee,,Columbia Basin Herald ,2023,Task force on missing indigenous women proposed to continue ,"Moses Lake, Grant County, WA","Olympia, Thurston County, WA, ",Access World News,13-Mar-23,N/A,Newspaper,https://drive.google.com/file/d/1ali6w-UEWs5JuifpoGy7ZPmdFV4yRW9Y/view?usp=share_link,1,1,0,1,1,,,,,,1,0,0,,,,,,,,,,,,
Staff Report ,,,Columbia Basin Herald ,2020,Two Newhouse-championed bills to protect indigenous women land on Trump's desk,"Moses Lake, Grant County, WA","Washington, D.C.",Access World News,22-Sep-20,N/A,Newspaper,https://drive.google.com/file/d/1GDrcs4e_dNp55uUVQzRkOGE8bFqKkgTP/view?usp=share_link,1,0,1,1,1,,,,,,1,0,0,,,,,,,,,,,,
N/A,N/A,,Columbia Basin Herald ,2019,"Basin Briefs for Dec. 16, 2019","Moses Lake, Grant County, WA","Toppenish, Yakima County, WA",Access World News,15-Dec-19,N/A,Newspaper,https://drive.google.com/file/d/1-sv66qWVaUQz46gryApaD0MKK9KhKEqv/view?usp=share_link,1,1,0,1,1,,,,,,1,0,0,,,,,,,,,,,,
N/A,N/A,,Columbia Basin Herald ,2019,"Basin briefs for Oct. 21, 2019","Moses Lake, Grant County, WA","Spokane, Spokane County, WA",Access World News,20-Oct-19,N/A,Newspaper,https://drive.google.com/file/d/1UKTztR_MwOKmXn-Lj5Q2o91NXEraa4Yk/view?usp=share_link,1,1,0,1,1,,,,,,1,0,0,,,,,,,,,,,,
N/A,N/A,,Columbia Basin Herald ,2019,"Basin briefs for Sept 23, 2019","Moses Lake, Grant County, WA","Washington, D.C. ",Access World News,22-Sep-19,N/A,Newspaper,https://drive.google.com/file/d/1Gy3fDu3tao0aCbX_RPuSbE-kRVjvRejS/view?usp=share_link,1,1,0,1,1,,,,,,1,0,0,,,,,,,,,,,,
N/A,N/A,,The Washington State Daily Evergreen ,2021,Media contributes to injustices against Indigenous peoples ,"Pullman, Whitman County, WA","Washington State, National",Access World News,2-Dec-21,N/A,Newspaper,https://drive.google.com/file/d/136hozarX8so8RwtDCb3ZQ6PhVSmfm2Kh/view?usp=share_link,1,1,1,1,1,,,,,,0,1,0,,,,,,,,,,,,
Zavala,Daisy,,The Washington State Daily Evergreen ,2019,"Event will honor missing, murdered indigenous women ","Pullman, Whitman County, WA","Pullman, Whitman County, WA",Access World News,11-Apr-19,N/A,Newspaper,https://drive.google.com/file/d/1hnbTvA6-T0gqMm9oEqpsRaTZ1L2n5AEJ/view?usp=share_link,1,1,0,0,0,,,,,,0,0,0,,,,,,,,,,,,
Zavala,Daisy,,The Washington State Daily Evergreen ,2019,"Bill addresses murdered, missing Native women ","Pullman, Whitman County, WA","Washington State, National",Access World News,25-Feb-19,N/A,Newspaper,https://drive.google.com/file/d/1_T-YwFATu4pUbQZFraEHDFZY82FQlM6Z/view?usp=share_link,1,1,1,1,1,,,,,,1,1,0,,,,,,,,,,,,
N/A,N/A,,The Washington State Daily Evergreen ,2018,NAWA focuses on native women ??? struggles,"Pullman, Whitman County, WA","Pullman, Whitman County, WA",Access World News,19-Mar-18,N/A,Newspaper,https://drive.google.com/file/d/1q7jYlt9G2Ri8ZPe4ij2vLr7rA9IY4Xu6/view?usp=share_link,1,1,0,1,0,,,,,,0,0,0,,,,,,,,,,,,
Yakima Herald-Republic editorials,,,The Daily News,2025,Task force is showing results ,"Longview, Cowlitz County, WA",Washington State,Access World News,12-Jul-25,A7,Newspaper-Image Edition,https://drive.google.com/file/d/1Pe7h7uWPwKbzk4cx4DVTW73eaCz4b_Gj/view?usp=share_link,1,1,1,1,1,,,,,,1,0,0,,,,,,,,,,,,
Hytrek,Nick,,The Daily News,2025,Longview man arrested in 1983 Iowa cold case,"Longview, Cowlitz County, WA","Sioux City, Woodbury County, Iowa",Access World News ,16-Jan-25,"A1, A4",Newspaper-Image Edition,https://drive.google.com/file/d/1S1lVES4_8nRqOJIT7G3ChBa46NM2vqXi/view?usp=share_link,1,1,1,1,1,,,,,,1,1,1,,,,,,,,,,,,
N/A,N/A,,The Wenatchee World ,2025,EDITORIAL: State's MMIWP task force is producing welcome results,"Wenatchee, Chelan County, WA",Washington State ,Access World news,11-Jul-25,N/A,Newspaper,https://drive.google.com/file/d/1c1cj8ql76eN_I0LOyDaTzSb1d8urQylS/view?usp=share_link,1,1,1,1,1,,,,,,1,0,1,,,,,,,,,,,,
Turner,Kelsey,,The Wenatchee World ,2024,Washington AG's office joins forced with local police to intensify search for missing Indigenous teen ,"Wenatchee, Chelan County, WA","Omak, Okanogan County, WA",Access World News,6-Jun-24,N/A,Newspaper,https://drive.google.com/file/d/1kqoHaQrprtOSulWEkllZLv1Jqrtmtptn/view?usp=share_link,1,0,1,1,1,,,,,,1,1,0,,,,,,,,,,,,
Garcia,Gabriella,,The Wenatchee World ,2024,Wenatchee teen raises money for Missing and Murdered Indigenous Women,"Wenatchee, Chelan County, WA","Wenatchee, Chelan County, WA",Access World News,29-Feb-24,N/A,Newspaper,https://drive.google.com/file/d/1VPhqAd2ynvkK09ooqSkDzPKQIyr6iJa2/view?usp=share_link,1,1,0,0,1,,,,,,1,0,0,,,,,,,,,,,,
Garcia,Gabriella,World Staff,The Wenatchee World ,2024,"Staff Picks - Wenatchee World's Best stories of 2023: ""Wenatchee teen raises money for Missing and Murdered Indigneous Women ","Wenatchee, Chelan County, WA","Wenatchee, Chelan County, WA",Access World News,1-Jan-24,N/A,Newspaper,https://drive.google.com/file/d/1vU6u0BHiVIPMEPQXfwajXubsXzN_HUul/view?usp=share_link,1,1,0,0,0,,,,,,1,1,1,,,,,,,,,,,,
Garcia,Gabriella,,The Wenatchee World ,2023,Wenatchee teen raises money for Missing and Murdered Indigenous Women ,"Wenatchee, Chelan County, WA","Wenatchee, Chelan County, WA",Access World News,26-Jun-23,N/A,Newspaper,https://drive.google.com/file/d/1_HV4y-QY10SfagLceJzXBGwGB2U3xiVn/view?usp=share_link,1,1,0,0,1,,,,,,1,0,0,,,,,,,,,,,,
Dodd,Amber D. ,,The Wenatchee World ,2021,State AG announces Missing and Murdered Indigenous Women and People Task Force ,"Wenatchee, Chelan County, WA","Olympia, Thurston County, WA, Washington State ",Access World News,12-Aug-21,N/A,Newspaper,https://drive.google.com/file/d/1KnzYXpd0Yh1nJYBDYyUcSozCFvml_wAA/view?usp=share_link,1,1,0,1,1,,,,,,1,0,0,,,,,,,,,,,,
N/A,N/A,,The Wenatchee World ,2021,"State task force will assess causes behind missing, murdered Indigenous women ","Wenatchee, Chelan County, WA","Yakima, Yakima County, WA, Washington State ",Access World News,5-May-21,N/A,Newspaper,https://drive.google.com/file/d/1_po8XS5kFWMk2MiCJDI8UgePsdNw4DOn/view?usp=share_link,1,1,0,1,1,,,,,,1,0,0,,,,,,,,,,,,
Ayer,Tammy ,,The Wenatchee World ,2021,Newhouse renews plea for cold case task office in Yakima focused on missing and murdered Indigenous women ,"Wenatchee, Chelan County, WA","Yakima, Yakima County, WA",Access World News,29-Mar-21,N/A,Newspaper,https://drive.google.com/file/d/1vdS8WnVODwFA4Rv_fKa8BPah8_TUccEy/view?usp=share_link,1,1,0,1,1,,,,,,0,0,0,,,,,,,,,,,,
Ayer ,Tammy ,,The Wenatchee World ,2020,"Newhouse requests Yakima office for missing, murdered, Indigenous people","Wenatchee, Chelan County, WA","Yakima, Yakima County, WA",Access World News,8-Dec-20,N/A,Newspaper,https://drive.google.com/file/d/1MTjnvzg4jh8Vb5ayWTxzqAsCrqJAu6Pa/view?usp=share_link,1,1,0,1,1,,,,,,0,0,0,,,,,,,,,,,,
Ayer,Tammy ,,The Wenatchee World ,2020,"Better data, more leads: State patrol effort on missing Native people starts to yield results ","Wenatchee, Chelan County, WA","Yakima, Yakima County, WA",Access World News,6-Dec-20,N/A,Newspaper,https://drive.google.com/file/d/1nIW3QggkE1XL6cmYDx44S9FdF7dBroIp/view?usp=share_link,1,1,1,1,1,,,,,,1,1,0,,,,,,,,,,,,
Donovan-Smith,Orion,,The Wenatchee World ,2020,Washington tribes react to Congressional passage of bills addressing missing and murdered Native women,"Wenatchee, Chelan County, WA","Washington, D.C",Acces World News,21-Sep-21,N/A,Newspaper,https://drive.google.com/file/d/1PhCpadC9eiIRh6DlKgTT0YM77KNe4Wpl/view?usp=share_link,1,1,1,1,1,,,,,,1,1,0,,,,,,,,,,,,
Ayer,Tammy ,,The Wenatchee World ,2020,New app aims to reduce number of missing and murdered Native women ,"Wenatchee, Chelan County, WA","Yakima, Yakima County, WA",Access World News,14-Jan-20,N/A,Newspaper,https://drive.google.com/file/d/1DRjYt0iXW4yjNKNHOUo3_ytAluqZ4Tjj/view?usp=share_link,1,0,0,1,1,,,,,,1,0,0,,,,,,,,,,,,
Ayer,Tammy ,,The Wenatchee World ,2019,Tribal leaders gather for summit with Indian Affairs secretary on missing and murdered indigenous women,"Wenatchee, Chelan County, WA","Toppenish, Yakima County, WA, National",Access World News,17-Dec-19,N/A,Newspaper,https://drive.google.com/file/d/1EUjtun9hKYMSSIam5pLeu9roP_Rj8Y6I/view?usp=share_link,1,1,1,1,1,,,,,,1,1,0,,,,,,,,,,,,
Ayer,Tammy ,,The Wenatchee World ,2019,Senate committee passes Savanna's Act ,"Wenatchee, Chelan County, WA","Washington, D.C., National ",Access World News,21-Nov-19,N/A,Newspaper,https://drive.google.com/file/d/1dstO8chQlt759Ph0UtiYvK_5y9Ao-ccH/view?usp=share_link,1,0,1,1,1,,,,,,1,1,0,,,,,,,,,,,,
Ayer,Tammy ,,The Wenatchee World ,2019,Loved ones of missing and muirdered men and boys also wait for answers,"Wenatchee, Chelan County, WA","Yakama Reservation, WA, Washington State",Access World News,19-Aug-19,N/A,Newspaper,https://drive.google.com/file/d/1jy5Tha7KGKAAkk6KbNJv_L1AP4FEmyYz/view?usp=share_link,1,1,1,1,1,,,,,,1,1,0,,,,,,,,,,,,
Ayer,Tammy ,,The Wenatchee World ,2019,Missing woman found dead; September trial set for accused killer,"Wenatchee, Chelan County, WA","Yakima, Yakima County, WA, Toppenish, Yakima County, WA",Access World News,15-Aug-19,N/A,Newspaper,https://drive.google.com/file/d/1v2MURtsCe7l2PVqC1lUfNwx7gUPgUxFe/view?usp=share_link,1,1,1,1,1,,,,,,1,1,1,,,,,,,,,,,,
Ayer,Tammy ,,The Wenatchee World ,2019,"As coroner pursues other ways to indentify remains found on river island, families hope their missing loved one is coming home ","Wenatchee, Chelan County, WA","Yakima County, WA",Access World News,5-Aug-19,N/A,Newspaper,https://drive.google.com/file/d/1ic3ON58k3TziicyY03ZjiV5qqxakFlM9/view?usp=share_link,1,0,1,1,0,,,,,,1,1,0,,,,,,,,,,,,
Ayer,Tammy ,,The Wenatchee World ,2019,"Investigation continues into death of Rosenda Strong with more examinations, tests","Wenatchee, Chelan County, WA","Toppenish, Yakima County, WA, Yakama Reservation, WA, Oregon ",Access World News,1-Aug-19,N/A,Newspaper,https://drive.google.com/file/d/1fAXXXPheklnWC_d72t-aD34RB2sJEqTT/view?usp=share_link,1,1,1,1,1,,,,,,1,1,1,,,,,,,,,,,,
Ayer,Tammy ,,The Wenatchee World ,2019,Newhouse addresses U.S. House about missing women ,"Wenatchee, Chelan County, WA","Yakima County, WA, National ",Access World News,19-Jul-19,N/A,Newspaper,https://drive.google.com/file/d/19h9M8fNLufjZkkYDQzKvCF-25gvrzLvm/view?usp=share_link,1,1,1,1,1,,,,,,1,1,0,,,,,,,,,,,,
Ayer,Tammy ,,The Wenatchee World ,2019,"Newhouse addresses U.S. House about Rosenda Strong, urges action on MMIW","Wenatchee, Chelan County, WA","Yakama Reservation, WA, National ",Access World News,19-Jul-19,N/A,Newspaper,https://drive.google.com/file/d/15yjpVOd3XpwXxtmsTcFIYQgYohu4QB3C/view?usp=share_link,1,1,1,1,1,,,,,,1,1,0,,,,,,,,,,,,
Mize,Jeffrey ,,The Wenatchee World ,2019,"Cowlitz canoe journey honors tribal ancestors, forges bonds","Wenatchee, Chelan County, WA","Vancouver, Clark County, WA, Camas, Clark County, WA, Bellingham, Whatcom County, WA, La Center, Cowlitz County, WA, National",Access World News,13-Jul-19,N/A,Newspaper,https://drive.google.com/file/d/1nKNhAvkSow7-DiQKzOvlMTEWq6G4ok01/view?usp=share_link,1,1,1,1,1,,,,,,1,1,0,,,,,,,,,,,,
Staff Writer,,,The Wenatchee World ,2019,Editorial: Giving voice to missing and murdered indigenous women ,"Wenatchee, Chelan County, WA",Washington State,Access World News,18-Jun-19,N/A,Newspaper,https://drive.google.com/file/d/18nK6Lvmu3B5sr0fSusEajmJc2jnLu_qf/view?usp=share_link,1,1,1,0,1,,,,,,0,1,0,,,,,,,,,,,,
Ayer,Tammy,,The Wenatchee World ,2019,WSP report on missing and murdered Native women says more coordination is needed,"Wenatchee, Chelan County, WA","Yakima County, WA, Washington",Access World News,4-Jun-19,N/A,Newspaper,https://drive.google.com/file/d/12qY7t6B5RDxLP1kJLHZZGUkGMQ0_YWSa/view?usp=share_link,1,1,1,1,1,,,,,,0,0,1,,,,,,,,,,,,
Ayer,Tammy,,Yakima Herald Republic,2025,Andrew Zack sentenced in 2018 death of Rosenda Strong on Yakama Reservation,"Yakima, Yakima County, WA","Yakama Reservation, Yakima County, WA",Access World News,4-Dec-25,N/A,Newspaper,https://drive.google.com/file/d/1qHYqrqHsAFZplBdaRVWzZJpNSCcscIgR/view?usp=share_link,1,1,1,1,1,,,,,,1,1,1,,,,,,,,,,,,
Ayer ,Tammy ,,Yakima Herald Republic,2025,Man facing trial in connection with Rosenda Strong's death on Yakama Reservation pleads guilty ,"Yakima, Yakima County, WA","Yakama Reservation, Yakima County, WA",Access World News,6-Nov-25,N/A,Newspaper,https://drive.google.com/file/d/1E7biKSl0ioHjU0aT0NiczsTQ7NL3S9Bf/view?usp=share_link,1,1,1,1,1,,,,,,1,1,1,,,,,,,,,,,,
Ayer,Tammy ,,Yakima Herald Republic,2025,Jordan Stevens sentenced to more than 13 years for 2018 assault near Toppenish ,"Yakima, Yakima County, WA","Toppenish, Yakima County, WA, Yakima, Yakima County, WA",Access World News,24-Oct-25,N/A,Newspaper,https://drive.google.com/file/d/1Sglcg7IBtqMAsTzhMCw7VvQOwNLOiWTK/view?usp=share_link,1,0,1,1,1,,,,,,1,1,1,,,,,,,,,,,,
Ayer,Tammy,,Yakima Herald Republic,2025,DNA used to identify missing Wapato woman of Yakama descent found murdered in the 1960s,"Yakima, Yakima County, WA","Chicago, Will County, IL, Wapato, Yakima County, WA",Access World News,1-Aug-25,N/A,Newspaper,https://drive.google.com/file/d/1WmbqB2g9J40WlboiU0LfwGwsAmYPeKso/view?usp=share_link,1,1,1,1,1,,,,,,1,1,0,,,,,,,,,,,,
Yakima Herald-Republic Editorial Board,,,Yakima Herald Republic,2025,Opinion: State's MMIWP tsk force is producing welcome results ,"Yakima, Yakima County, WA",Washington State ,Access World News,10-Jul-25,N/A,Newspaper,https://drive.google.com/file/d/1WDMZnYQ6ccrX08fyXtmD40hcLvSXaLMD/view?usp=share_link,1,1,1,1,1,,,,,,1,1,1,,,,,,,,,,,,
Ayer,Tammy,,Yakima Herald Republic,2025,Trial reset for man indicted in connection with 2018 homicide of Rosenda Strong ,"Yakima, Yakima County, WA","Yakama Reservation, Yakima County, WA",Access World News,9-Jul-25,N/A,Newspaper,https://drive.google.com/file/d/1zNssua3329OvFLamieZPGgNDWr5k3e3w/view?usp=share_link,1,1,1,1,1,,,,,,1,1,1,,,,,,,,,,,,
Ayer,Tammy,,Yakima Herald Republic,2025,"Progress on missing and murdered Indigenous people in WA, but more work needed, new reports say","Yakima, Yakima County, WA","Yakama Reservation, Yakima County, WA, Washington State ",Access World News,5-Jul-25,N/A,Newspaper,https://drive.google.com/file/d/1MFx1UACBXdmczii82Z2ON5eoCezH_VC2/view?usp=share_link,1,1,1,1,1,,,,,,1,1,0,,,,,,,,,,,,
Ayer,Tammy,,Yakima Herald Republic ,2025,"More help available when Indigenous people go missing in WA, but challenges persist","Yakima, Yakima County, WA","Omak, Okanogan County, WA, Washington State ",Access World News,5-May-25,N/A,Newspaper,https://drive.google.com/file/d/1DCXW4KxyL5zLP-LtFP3ZvDHmlZYGEDNM/view?usp=share_link,1,1,1,1,1,,,,,,1,1,1,,,,,,,,,,,,
Carter ,Simone,,Yakima Herald Republic ,2025,WA Senate honors missing & murdered indigenous women: 'No more stolen sisters',"Yakima, Yakima County, WA","Olympia, Thurston County, WA",Access World News,15-Apr-25,N/A,Newspaper,https://drive.google.com/file/d/1VRP1vjmG-FHznY60NbAqFDYLX2z0ZNz-/view?usp=share_link,1,1,0,1,0,,,,,,1,0,0,,,,,,,,,,,,
Ayer,Tammy,,Yakima Herald Republic,2025,Video created by Yakama woman is a 'call to action' on crisis of missing and murdered Indigenous women,"Yakima, Yakima County, WA","Yakama Reservation, Yakima County, WA, Umatilla Reservation, OR, Washington State ",Access World News,4-Jan-25,N/A,Newspaper,https://drive.google.com/file/d/1u5LVKHLeD-Sx6aXYbTNs2jUC_C5mZkRb/view?usp=share_link,1,1,1,1,0,,,,,,1,1,1,,,,,,,,,,,,
Ayer,Tammy,,Yakima Herald Republic ,2024,Wapato runner Ryan Vasquez reacher fourth Native American reservation in the Northwest,"Yakima, Yakima County, WA","Yakama Reservation, Yakima County, WA, Umatilla Reservation, OR, Washington State, Oregon ",Access World News,31-Dec-24,N/A,Newspaper,https://drive.google.com/file/d/1--2qZmSdkK_qTJC2Fr7TKgJEUtPiUorU/view?usp=share_link,1,1,1,1,0,,,,,,1,1,0,,,,,,,,,,,,
Ayer,Tammy,,Yakima Herald Republic,2024,Five of seven men indicted in connection with Rosenda Strong's murder have pleaded guilty ,"Yakima, Yakima County, WA","Yakama Reservation, Yakima County, WA",Access World News,7-Dec-24,N/A,Newspaper,https://drive.google.com/file/d/15jiHoydlmXxDRlRICmdFFrnQIUkmFwhX/view?usp=share_link,1,1,1,1,1,,,,,,1,1,1,,,,,,,,,,,,
Ayer ,Tammy,,Yakima Herald Republic ,2024,More support for families in place tp address crisis of missing and murdered Indigenous people in WA,"Yakima, Yakima County, WA","Toppenish, Yakima County, WA, King County, WA, Washington State ",Access World News,19-Nov-24,N/A,Newspaper,https://drive.google.com/file/d/1tDV13QUnUy-6RpfC7MLWthnxzcRvHknM/view?usp=share_link,1,1,0,1,1,,,,,,1,0,0,,,,,,,,,,,,
Ayer,Tammy,,Yakima Herald Republic ,2024,"In Indian Country, 'it's so important that we work together' to address domestic violence, prosecutor says","Yakima, Yakima County, WA","Yakima, Yakima County, WA, Washington State, National ",Access World News,17-Nov-24,N/A,Newspaper,https://drive.google.com/file/d/1uCBIs1TskwBTRdmNy_40JRaPI94tHWrA/view?usp=share_link,1,1,0,1,1,,,,,,1,0,0,,,,,,,,,,,,
Ayer,Tammy,,Yakima Herald Republic ,2024,Man sentenced in federal court in connection with 2017 death of Destiny Lloyd ,"Yakima, Yakima County, WA","Yakama Reservation, Yakima County, WA",Access World News,23-Oct-24,N/A,Newspaper,https://drive.google.com/file/d/1GIUvFM0CfU-bUUvpSqAYbQigQnOTV2L_/view?usp=share_link,1,0,1,1,1,,,,,,1,1,1,,,,,,,,,,,,
Ayer,Tammy,,Yakima Herald Republic ,2024,"Old photo, private investigator keep focus on solving 1957 murder on Yakama Reservation ","Yakima, Yakima County, WA","Yakama Reservation, Yakima County, WA",Access World News,1-Sep-24,N/A,Newspaper,https://drive.google.com/file/d/1f33ur3kddsurArhvbFiI-LZFlsDxrtuX/view?usp=share_link,1,1,1,1,1,,,,,,1,1,0,,,,,,,,,,,,
Ayer,Tammy,,Yakima Herald Republic ,2024,Cases for those accused in Rosenda Strong's murder making their way through court ,"Yakima, Yakima County, WA","Yakama Reservation, Yakima County, WA, Toppenish, Yakima COunty, WA",Access World News,19-Aug-19,N/A,Newspaper,https://drive.google.com/file/d/1PdjNlDx_sQrkxx1nRRrE2T7eA3b4S8gF/view?usp=share_link,1,1,1,1,1,,,,,,1,1,1,,,,,,,,,,,,
Ayer,Tammy,,Yakima Herald Republic ,2024,Man accused in connection with death of Destiny Lloyd pleads guilty,"Yakima, Yakima County, WA","Yakama Reservation, Yakima County, WA",Access World News,24-Jul-24,N/A,Newspaper,https://drive.google.com/file/d/1lnCLwkurhbD9MsBfmyXUSKbuZFjIRHTu/view?usp=share_link,1,0,1,1,1,,,,,,1,1,1,,,,,,,,,,,,
Meyers,Donald W. ,,Yakima Herald Republic ,2024,"Community Q&A: Anna Olson, Yakima police victim services coordinator ","Yakima, Yakima County, WA","Yakima, Yakima County, WA",Access World News,15-Jul-24,N/A,Newspaper,https://drive.google.com/file/d/1isRk6EswAPNOF6TUScZj5ThIs-mqh2Tk/view?usp=share_link,1,0,0,0,0,,,,,,0,1,1,,,,,,,,,,,,
Ayer,Tammy,,Yakima Herald Republic ,2024,Man sentenced to 30 years in prison for 2019 killing of Gail Teo on Yakama Reservation ,"Yakima, Yakima County, WA","Yakima County, WA",Access World News,29-May-24,N/A,Newspaper,https://drive.google.com/file/d/1VJkP9OgAg-IUyQicCo0nLyXU8lpTBqcX/view?usp=share_link,1,1,1,1,1,,,,,,1,1,1,,,,,,,,,,,,
Turner,Kelsey ,,Yakima Herald Republic ,2024,Washington AG's office joins forces with local police to intensify search for Kit Mora,"Yakima, Yakima County, WA","Omak, Okanogan County, WA, Yakima, Wakima County, WA",Access World News,25-May-24,N/A,Newspaper,https://drive.google.com/file/d/1yAHmgS3FtZcQx6d45N6qZSRY5Jrtve_0/view?usp=share_link,1,0,1,1,1,,,,,,1,1,0,,,,,,,,,,,,
Ayer,Tammy,,Yakima Herald Republic ,2024,I miss her so dearly:' Families share stories of lost loved ones during MMIW day in Toppenish ,"Yakima, Yakima County, WA","Toppenish, Yakima County, WA",Access World News,6-May-24,N/A,Newspaper,https://drive.google.com/file/d/13bZVkmeRMxCCDteKWfERM_2LI6wkP1tC/view?usp=share_link,1,1,1,1,1,,,,,,1,1,1,,,,,,,,,,,,
Ayer,Tammy,,Yakima Herald Republic ,2024,New efforts to investigate cold cases involving Indigenous people bring hope ,"Yakima, Yakima County, WA","Toppenish, Yakima County, WA, Washington State ",Access World News,5-May-24,N/A,Newspaper,https://drive.google.com/file/d/1X_w97-8PCl0Xey1hH0a8veAWptiacmC0/view?usp=share_link,1,1,1,1,1,,,,,,1,1,0,,,,,,,,,,,,
Ayer,Tammy,,Yakima Herald Republic ,2024,Events planned May 5 to honor missing and murdered Indigenous people in Washington and Oregon ,"Yakima, Yakima County, WA","Toppenish, Yakima County, WA, Washington State, OR, National",Access World News,1-May-24,N/A,Newspaper,https://drive.google.com/file/d/1mCE0LOqRtkaUjQAOtth-0u-3EtQ_FpBK/view?usp=share_link,1,1,1,1,1,,,,,,1,1,1,,,,,,,,,,,,
Ayer,Tammy,,Yakima Herald Republic ,2024,Rep. Gina Mosbrucker won't seek sixth term in state Legislature,"Yakima, Yakima County, WA",Washington State,Access World News,24-Apr-24,N/A,Newspaper,https://drive.google.com/file/d/1vSKU1OVNOmNPgJR10U0gDpP2nm2AXOwL/view?usp=share_link,1,0,0,1,1,,,,,,0,1,0,,,,,,,,,,,,
Ayer,Tammy,,Yakima Herald Republic ,2024,Advocates raise awareness of missing and murdered Indigenous people at Umatilla event ,"Yakima, Yakima County, WA","Umatilla Reservation, OR",Access World News,19-Apr-24,N/A,Newspaper,https://drive.google.com/file/d/1O8I7a3nBx9U_CVIGekrjirojwyX8nUj2/view?usp=share_link,1,1,1,1,1,,,,,,1,1,1,,,,,,,,,,,,
Ayer,Tammy,,Yakima Herald Republic ,2024,Unanswered questions and some updates in cases of missing and murdered Indigenous women in Yakima Valley ,"Yakima, Yakima County, WA","Toppenish, Yakima County, WA, New Mexico ",Access World News,3-Mar-24,N/A,Newspaper,https://drive.google.com/file/d/1gFWSi1QcNvg1DKMaxk3bLfzJ0pV7YlN2/view?usp=share_link,1,1,1,1,1,,,,,,1,1,1,,,,,,,,,,,,
Meyers,Donald W. ,,Yakima Herald Republic ,2024,Yakima attorney Bree Black Horse to prosecute MMIP cases for U.S. Attorney's Office,"Yakima, Yakima County, WA","Yakima, Yakima County, WA",Access World News,29-Feb-24,N/A,Newspaper,https://drive.google.com/file/d/1JWIYVo4UuS74sjUbBEPMxtxPvWfP9jcc/view?usp=share_link,1,0,0,0,1,,,,,,0,0,0,,,,,,,,,,,,
Altman,Leah,,Yakima Herald Republic ,2024,Activist Patsy Whitefoot has a passion for arming the next generation with tools for change ,"Yakima, Yakima County, WA","Yakama Reservation, Yakima County, WA",Access World News,2-Feb-24,N/A,Newspaper,https://drive.google.com/file/d/1dNnYIHO4OBkGXgYAp69KStC-4VYcmdAi/view?usp=share_link,1,1,1,1,1,,,,,,1,1,0,,,,,,,,,,,,
Ayer,Tammy,,Yakima Herald Republic ,2023,Family members talk about fight to find missing and murdered Indigenous people in WA,"Yakima, Yakima County, WA","Toppenish, Yakima County, WA",Access World News,3-Dec-23,N/A,Newspaper,https://drive.google.com/file/d/1lyy-pJqCTnOQnDS6azpAEJmfUOpyEvU4/view?usp=share_link,1,1,1,1,1,,,,,,1,1,1,,,,,,,,,,,,
Northwest Public Broadcasting,,,Yakima Herald Republic ,2023,"Timeline of Mool-Mool, Fort Simcoe and its boarding school","Yakima, Yakima County, WA","Fort Simcoe, Yakima County, WA",Access World News,26-Nov-23,N/A,Newspaper,https://drive.google.com/file/d/19vKDCdVjtqYLUcym521GnP5MkgsN1hGI/view?usp=share_link,1,1,0,1,1,,,,,,0,0,0,,,,,,,,,,,,
Lynx,David,,Yakima Herald Republic ,2023,"The Arts Scene: ""Portraits In Red"" exhibit","Yakima, Yakima County, WA","Yakima, Yakima County, WA, National ",Access World News,8-Nov-23,N/A,Newspaper,https://drive.google.com/file/d/1kDWfIDCmTrihD5OV2DV1g3kIS4d6wzY8/view?usp=share_link,1,1,0,1,0,,,,,,1,1,0,,,,,,,,,,,,
Ayer,Tammy,,Yakima Herald Republic ,2023,Federal judge denies homicide suspect;s effort seeking release for medical treatment ,"Yakima, Yakima County, WA","Yakama Reservation, Yakima County, WA",Access World News,2-Nov-23,N/A,Newspaper,https://drive.google.com/file/d/1czgz9KQ8eXsxG5NPjayce0C8DqRpB5rP/view?usp=share_link,1,0,1,1,1,,,,,,1,1,1,,,,,,,,,,,,
Ayer,Tammy,,Yakima Herald Republic ,2023,Trial moved to April for two charged in connection with Destiny Lloyd's death on Yakama Reservation ,"Yakima, Yakima County, WA","Yakama Reservation, Yakima County, WA",Access World News,23-Oct-23,N/A,Newspaper,https://drive.google.com/file/d/1qrN5sBM-Mtimu7ytZ72rDF8Xq2Sb-UJu/view?usp=share_link,1,0,1,1,1,,,,,,1,1,1,,,,,,,,,,,,
Ayer,Tammy,,Yakima Herald Republic ,2023,FBI seek information on 1979 disappearances with renewed interest on WA reservation ,"Yakima, Yakima County, WA","Washington State, National ",Access World News,6-Oct-23,N/A,Newspaper,https://drive.google.com/file/d/1x9C9gc3Zf5IO3m913kCVzHN-Uq73kIMm/view?usp=share_link,1,1,1,1,1,,,,,,1,1,1,,,,,,,,,,,,
Ayer,Tammy,,Yakima Herald Republic ,2023,Yakama woman who overcame challenges remembered as a friend and an inspiration ,"Yakima, Yakima County, WA","Yakama Reservation, Yakima County, WA",Access World News,25-Aug-23,N/A,Newspaper,https://drive.google.com/file/d/11757yaUUS8Z7F641fBcGQ7RFvMuk6_U1/view?usp=share_link,1,1,1,1,1,,,,,,1,1,0,,,,,,,,,,,,
Ayer,Tammy,,Yakima Herald Republic ,2023,Reward doubled in case of Yakama woman killed in New Mexico as family calls for action ,"Yakima, Yakima County, WA","Albuquerque, NM",Access World News,10-Jul-23,N/A,Newspaper,https://drive.google.com/file/d/1yS7FaJqQoQJ5nVQpNEmaXWfPlDp9BrMJ/view?usp=share_link,1,1,1,1,1,,,,,,1,1,1,,,,,,,,,,,,
Meyers,Donald W.,,Yakima Herald Republic ,2023,Suspects names in deaths of Rosenda Strong and Jedidah Moreno on Yakama Reservation ,"Yakima, Yakima County, WA","Yakama Reservation, Yakima County, WA",Access World News,23-Jun-23,N/A,Newspaper,https://drive.google.com/file/d/1hzdxTkxWmQ7JvqGPoeJUsRATPvuScDFC/view?usp=share_link,1,1,1,1,1,,,,,,1,1,1,,,,,,,,,,,,
Ayer,Tammy,,Yakima Herald Republic ,2023,"Kit Mora, who disappeared in 2022, would have graduated this year. Reward for information is $10K","Yakima, Yakima County, WA","Omak, Okanogan County, WA, Yakima, Yakima County, WA, Washington State ",Access World News,14-Jun-23,N/A,Newspaper,https://drive.google.com/file/d/1nMCOg_BBvvtRSWREG7RkM6RBWPyiCNfd/view?usp=share_link,1,1,1,1,0,,,,,,1,1,0,,,,,,,,,,,,
Ayer,Tammy,,Yakima Herald Republic ,2023,Stories of lost loved ones shared at events for missing Indigenous people in Toppenish,"Yakima, Yakima County, WA","Toppenish, Yakima County, WA, Washington State",Access World News,6-May-23,N/A,Newspaper,https://drive.google.com/file/d/1nMCOg_BBvvtRSWREG7RkM6RBWPyiCNfd/view?usp=share_link,1,1,1,1,0,,,,,,1,1,0,,,,,,,,,,,,
Ayer,Tammy,,Yakima Herald Republic ,2023,"Pain endures for families of missing, murdered Indigenous people ","Yakima, Yakima County, WA","Yakama Reservation, Yakima County, WA, Washington State ",Access World News,5-May-26,N/A,Newspaper,https://drive.google.com/file/d/1bGQj_HKIJ8PMAiOc59dvO9rUEGvGJte5/view?usp=share_link,1,1,1,1,1,,,,,,1,1,0,,,,,,,,,,,,
Yakima Herald-Republic Editorial Board,,,Yakima Herald Republic ,2023,"Opinion: Amid the celebrations, a somber MMIP remembrance","Yakima, Yakima County, WA","Yakama Reservation, Yakima County, WA, Lame Deer, Rosebud County, MT, Washington State, MT",Access World News,5-May-23,N/A,Newspaper,https://drive.google.com/file/d/1Ccy1QI6Im3eA1B1o9bWg0f8fPCypP_lL/view?usp=share_link,1,1,1,1,1,,,,,,1,1,1,,,,,,,,,,,,
Staff Writer,,,Yakima Herald Republic ,2023,"The Vanished: List of those missing, murdered on and near Yakama Reservation ","Yakima, Yakima County, WA","Yakama Reservation, Yakima County, WA, Washington State ",Access World News,4-May-23,N/A,Newspaper,https://drive.google.com/file/d/1FazR7faUzQ-oDf4JCRHSGK1IwMiGuqRo/view?usp=share_link,1,0,1,1,1,,,,,,1,1,1,,,,,,,,,,,,
Ayer,Tammy,,Yakima Herald Republic ,2023,"Crisis of missing and murdered Indigenous people has many layers, experts say ","Yakima, Yakima County, WA","Cheney, Spokane County, WA, Yakama Reservation, Yakima County, WA, Washington State",Access World News,29-Apr-23,N/A,Newspaper,https://drive.google.com/file/d/10ElAzvbGbj_0I-0phNiHDH_5KfRUBWXX/view?usp=share_link,1,1,1,1,1,,,,,,1,1,0,,,,,,,,,,,,
Ayer,Tammy,,Yakima Herald Republic ,2023,May 5 events planneed around the region for missing and murdered Indigenous people,"Yakima, Yakima County, WA","Yakima, Yakima County, WA, MT, Washington State ",Access World News,24-Apr-23,N/A,Newspaper,https://drive.google.com/file/d/1R8Iv6jA4OtLXxLSuUpZvBfGOzFKqGV1N/view?usp=share_link,1,1,1,1,1,,,,,,1,1,1,,,,,,,,,,,,
Ayer,Tammy,,Yakima Herald Republic ,2023,New WA cold case unit will focus on missing and murdered Indigenous people,"Yakima, Yakima County, WA","Yakama Reservation, Yakima County, WA, Washington State ",Access World News,22-Apr-23,N/A,Newspaper,https://drive.google.com/file/d/1_NesExap7hlSdLXG3TcAPGYUqXBWFXHO/view?usp=share_link,1,1,0,1,1,,,,,,1,0,0,,,,,,,,,,,,
Ayer,Tammy,,Yakima Herald Republic ,2023,Trial of suspect in murder of White Swan woman moved to October,"Yakima, Yakima County, WA","White Swan, Yakima County, WA, Yakama Reservation, Yakima County, WA, Washington State",Access World News,10-Mar-23,N/A,Newspaper,https://drive.google.com/file/d/1TUm9gSsHCpHV0gPZyEqV8qa_9X0H3Zow/view?usp=share_link,1,0,1,1,0,,,,,,1,1,1,,,,,,,,,,,,
Ayer,Tammy,,Yakima Herald Republic ,2023,WA bill would create cold case unti for missing and murdered Indigenous people ,"Yakima, Yakima County, WA",Washington State,Access World News,9-Jan-23,N/A,Newspaper,https://drive.google.com/file/d/12v29p5TDyQiRNgroJQnhOfUwTybs-MSI/view?usp=share_link,1,1,0,1,1,,,,,,1,0,0,,,,,,,,,,,,
Ayer,Tammy,,Yakima Herald Republic ,2022,Man accused of killing White Swan woman in her home in 2019 has trial date set in March ,"Yakima, Yakima County, WA","White Swan, Yakima County, WA, Yakama Reservation, Yakima County, WA",Access World News,1-Nov-22,N/A,Newspaper,https://drive.google.com/file/d/1p98nsQ08VviCwSyst42PEFlmgvnM_UHI/view?usp=share_link,1,0,1,1,0,,,,,,1,1,1,,,,,,,,,,,,
Brown,Karina,,Yakima Herald Republic ,2022,The growing power of tribal is visible on the Umatilla Indian Reservation,"Yakima, Yakima County, WA","Umatilla Reservation, Umatilla/Union County, WA",Access World News,31-Oct-22,N/A,Newspaper,https://drive.google.com/file/d/10fXgNQnZtf74_ynEVYlj7BbWOOOSA0_X/view?usp=share_link,1,0,0,1,1,,,,,,1,1,1,,,,,,,,,,,,
Ayer,Tammy,,Yakima Herald Republic ,2022,People magazine features story of woman who was found on Yakama Reservation,"Yakima, Yakima County, WA","Yakama Reservation, Yakima County, WA",Access World News,31-Oct-22,N/A,Newspaper,https://drive.google.com/file/d/1jUy7Ml-8HUZdcM_o7AV8OPohBiOCkUFS/view?usp=share_link,1,1,1,1,1,,,,,,1,1,0,,,,,,,,,,,,
Ayer,Tammy,,Yakima Herald Republic ,2022,Gathering in Toppenish calls for an end to violence on Yakama Reservation,"Yakima, Yakima County, WA","Toppenish, Yakima County, WA, Yakama Reservation, Yakima County, WA",Access World News,25-Oct-22,N/A,Newspaper,https://drive.google.com/file/d/1QsblAajQdePVweF7D29II9UyNDABfDbD/view?usp=share_link,1,1,1,1,1,,,,,,1,1,1,,,,,,,,,,,,
Ayer,Tammy,,Yakima Herald Republic ,2022,"As Seattle police charge man in stabbing death of Yakama woman, family raises awareness","Yakima, Yakima County, WA","Toppenish, Yakima County, WA",Access World News,14-Oct-22,N/A,Newspaper,https://drive.google.com/file/d/1iyn7Au5B6pZhu6sCMdMO-af7qUXPpsrl/view?usp=share_link,1,1,1,1,1,,,,,,1,1,1,,,,,,,,,,,,
Ayer,Tammy,,Yakima Herald Republic ,2022,"WA task force on missing Indigenous people stresses for funding, family support ","Yakima, Yakima County, WA",Washington State,Access World News,19-Sep-22,N/A,Newspaper,https://drive.google.com/file/d/1vpkHwSgr3BpXMTQaLFmqfWPvVY35L3Z9/view?usp=share_link,1,1,0,1,1,,,,,,1,0,0,,,,,,,,,,,,
Ayer,Tammy,,Yakima Herald Republic ,2022,WA task force issues list of 10 recommendations on missing Indigenous people,"Yakima, Yakima County, WA",Washington State,Access World News,2-Aug-22,N/A,Newspaper,https://drive.google.com/file/d/1HklGEgk1Kj9FdN19tZmRC64cQ3xMa_S5/view?usp=share_link,1,1,1,1,1,,,,,,1,1,0,,,,,,,,,,,,
Ayer,Tammy,,Yakima Herald Republic ,2022,"Posters and flyers can be crucial in getting the world out about missing, murdered Indigenous persons","Yakima, Yakima County, WA","Yakama Reservation, Yakima County, WA, New Mexico, National",Access World News,5-May-22,N/A,Newspaper,https://drive.google.com/file/d/1EGBmmUflpxAmFr3GZhdfh8i4wbHVPAAa/view?usp=share_link,1,1,1,1,1,,,,,,1,1,1,,,,,,,,,,,,
Ayer,Tammy,,Yakima Herald Republic ,2022,Gathering in Toppenish remembers missing and murdered Indigenous people on day of awareness,"Yakima, Yakima County, WA","Toppenish, Yakima County, WA, Yakama Reservation, Yakima County, WA",Access World News,5-May-22,N/A,Newspaper,https://drive.google.com/file/d/1_Psjd892SZbvro9528yCtOMac0j7wNDZ/view?usp=share_link,1,1,1,1,1,,,,,,1,1,0,,,,,,,,,,,,
Ayer,Tammy,,Yakima Herald Republic ,2022,Umatilla woman seeks answers more than 64 years after her mother was murdered on Yakama Reservation,"Yakima, Yakima County, WA","Toppenish, Yakima County, WA, Yakama Reservation, Yakima County, WA",Access World News,27-Mar-22,N/A,Newspaper,https://drive.google.com/file/d/1A-zSCifcg_X6PA5ZhSkfTgk3EPTc_ztm/view?usp=share_link,1,1,1,1,1,,,,,,1,1,1,,,,,,,,,,,,
Ayer,Tammy,,Yakima Herald Republic ,2022,Robyn Pebeahsy: Research coordinator for the Indigenous Wellness Research Institute,"Yakima, Yakima County, WA","Seattle, King County, WA, Yakama Reservation, Yakima County, WA",Access World News,27-Feb-22,N/A,Newspaper,https://drive.google.com/file/d/1-qzLZRITzWp4dZzq75Ktn_frlC7EBrXZ/view?usp=share_link,1,1,0,1,0,,,,,,1,1,0,,,,,,,,,,,,
Ayer,Tammy,,Yakima Herald Republic ,2022,Niece of Yakama woman who disappeared 50 years ago continues search for answers,"Yakima, Yakima County, WA","Yakama Reservation, Yakima County, WA",Access World News,4-Jan-22,N/A,Newspaper,https://drive.google.com/file/d/1RVn_8R0gSrUItmpRLGiTvK2Q3J8Ee-K4/view?usp=share_link,1,1,1,1,0,,,,,,1,1,1,,,,,,,,,,,,
N/A,N/A,,Yakima Herald Republic ,2021,Opinion: DOJ needs to hear firsthand about the vanished,"Yakima, Yakima County, WA","Yakama Reservation, Yakima County, WA, National",Access World News,14-Dec-21,N/A,Newspaper,https://drive.google.com/file/d/1XEvG7enck0l1WCJXBunm1HvuXiHhySly/view?usp=share_link,1,1,1,1,1,,,,,,1,1,0,,,,,,,,,,,,
Ayer,Tammy,,Yakima Herald Republic ,2021,DOJ official to visit Washington State to better address crisis of missing and murdered Indigenous people,"Yakima, Yakima County, WA","Yakama Reservation, Yakima County, WA, Washington State, National ",Access World News,9-Dec-21,N/A,Newspaper,https://drive.google.com/file/d/1bDlzCfEepL_f4--5bOyEdFstB24KXdPx/view?usp=share_link,1,0,0,1,1,,,,,,0,0,0,,,,,,,,,,,,
Ayer,Tammy,,Yakima Herald Republic ,2021,Breaking the silence: Washington task force on missing Indigenous people has big task ahead,"Yakima, Yakima County, WA","Auburn, King County, WA, Yakama Reservation, Yakima County, WA, Washington State",Access World News,5-Dec-21,N/A,Newspaper,https://drive.google.com/file/d/1nYndKWjjmB1BUE67poCQDmiNGudaMhz5/view?usp=share_link,1,1,1,1,1,,,,,,1,1,1,,,,,,,,,,,,
Ayer,Tammy,,Yakima Herald Republic ,2021,Washington task force on missing Indigenous people has big task ahead,"Yakima, Yakima County, WA","Auburn, King County, WA, Yakama Reservation, Yakima County, WA, Washington State",Access World News,5-Dec-21,N/A,Newspaper,https://drive.google.com/file/d/1kcn8QxbzdNLwZ06zHSygfLo-aDX0k8a-/view?usp=share_link,1,1,1,1,1,,,,,,1,1,0,,,,,,,,,,,,
Hume,Wendelin,,Yakima Herald Republic ,2021,Column: Spotty data and media bias delay justice for missing and murdered Indigenous people,"Yakima, Yakima County, WA",National,Access World News,27-Nov-21,N/A,Newspaper,https://drive.google.com/file/d/1-0t3Cuo1feY1SFAhvevc68DojQnXFtUu/view?usp=share_link,1,1,1,1,1,,,,,,0,1,0,,,,,,,,,,,,
Ayer,Tammy,,Yakima Herald Republic ,2021,Yakama Nation to co-host first meeting of state missing Indigenous people task force,"Yakima, Yakima County, WA","Yakama Reservation, Yakima County, WA, Washington State",Access World News,1-Nov-21,N/A,Newspaper,https://drive.google.com/file/d/19xdXVBNuYyQraMpyQIY1xsUEsrzTyqfg/view?usp=share_link,1,1,0,1,1,,,,,,0,0,0,,,,,,,,,,,,
Ayer,Tammy,,Yakima Herald Republic ,2021,"Last seen in Kennewick's Walmart, family holds out hope of finding Freda Knowshisgun","Yakima, Yakima County, WA","Kennewick, Benton County, WA, Washington State",Access World News,31-Oct-21,N/A,Newspaper,https://drive.google.com/file/d/1pr2qH9eCffBQnaje_YMYgARBhGwFyVgW/view?usp=share_link,1,1,1,1,1,,,,,,1,1,0,,,,,,,,,,,,
Epperly,Emma,Amber D. Dodd,Yakima Herald Republic ,2021,Maddesyn George case: Colville tribal woman to be sentenced in mid-November for controversial killing,"Yakima, Yakima County, WA","Spokane, Spokame County, WA",Access World News,20-Oct-21,N/A,Newspaper,https://drive.google.com/file/d/1S_TcxMzoK6gsMOJPa2dwDeEN3r-pmZFp/view?usp=share_link,1,1,1,0,1,,,,,,1,1,1,,,,,,,,,,,,
Ayer,Tammy,,Yakima Herald Republic ,2021,"Investigators plan to exhume, identify remains found more than 33 years ago in Yakima County","Yakima, Yakima County, WA","Yakama Reservation, Yakima County, WA",Access World News,12-Sep-21,N/A,Newspaper,https://drive.google.com/file/d/1-ClKQq3rdyQtBu0iAiZr_jjd9y_Dgchm/view?usp=share_link,1,1,1,1,1,,,,,,1,1,1,,,,,,,,,,,,
Ayer,Tammy,,Yakima Herald Republic ,2021,CWU transfers human remains to medical examiner after concerns they were improperly stored,"Yakima, Yakima County, WA","Kittitas County, King County, WA",Access World News,22-Aug-21,N/A,Newspaper,https://drive.google.com/file/d/1GrpjjRAJ5mN0Lt81Wfwlg_2m7Llk4Esv/view?usp=share_link,1,0,1,1,0,,,,,,1,1,0,,,,,,,,,,,,
Dodd,Amber D.,,Yakima Herald Republic ,2021,Asa K. Washines from Yakama Nation announced as member of Missing and Murdered Indigenous Women and People Task Force,"Yakima, Yakima County, WA",Washington State,Access World News,13-Aug-21,N/A,Newspaper,https://drive.google.com/file/d/1CSLjxiKDlkJ4p-_hRsv0kuzTPJIe3EnT/view?usp=share_link,1,1,0,1,1,,,,,,1,0,0,,,,,,,,,,,,
Ayer,Tammy,,Yakima Herald Republic ,2021,Those who knew missing and murdered men and boys on Yakama reservation speaking out more,"Yakima, Yakima County, WA","Yakama Reservation, Yakima County, WA",Access World News,4-Jul-21,N/A,Newspaper,https://drive.google.com/file/d/1ybAD-WkjywOviRnF5Gza9vtEAmeRBpVF/view?usp=share_link,1,1,1,1,0,,,,,,1,1,0,,,,,,,,,,,,
Ayer,Tammy,,Yakima Herald Republic ,2021,"Arrests made in Native woman's murder, but pain persists","Yakima, Yakima County, WA","Yakama Reservation, Yakima County, WA",Access World News,30-May-21,N/A,Newspaper,https://drive.google.com/file/d/1axG531RQ2qpOTQMk9krASARG1kBekM8x/view?usp=share_link,1,1,1,1,1,,,,,,1,1,1,,,,,,,,,,,,
Ayer,Tammy,,Yakima Herald Republic ,2021,"State task force will assess causes behind missing, murdered Indigenous women ","Yakima, Yakima County, WA",Washington State,Access World News,5-May-21,N/A,Newspaper,https://drive.google.com/file/d/11hB2fJxogXr94g2PjmSyPv7e1YIKeSrj/view?usp=share_link,1,1,0,1,1,,,,,,1,0,0,,,,,,,,,,,,
Staff Writer,,,Yakima Herald Republic ,2021,"The Vanished: List of those missing, murdered on and near Yakama Reservation ","Yakima, Yakima County, WA","Wapato, Yakima County, WA, Yakama Reservation, Yakima County, WA",Access World News,5-May-21,N/A,Newspaper,https://drive.google.com/file/d/1FazR7faUzQ-oDf4JCRHSGK1IwMiGuqRo/view?usp=share_link,1,0,1,1,1,,,,,,1,1,1,,,,,,,,,,,,
Ayer,Tammy,,Yakima Herald Republic ,2021,Young Montana mother who was killed led day on May 5 to honor missing Indigenous women ,"Yakima, Yakima County, WA","Lame Deer, Rosebud County, MT, Yakama Reservation, Yakima County, WA, Washington State, MT",Access World News,5-May-21,N/A,Newspaper,https://drive.google.com/file/d/11FfJl9_RyEqKJiVS3fHFvN9Zs4MyNQo2/view?usp=share_link,1,1,1,1,1,,,,,,1,1,1,,,,,,,,,,,,
Ayer,Tammy,,Yakima Herald Republic ,2021,"Relatives, friends of missing and murdered Indigenous women gather to honor them","Yakima, Yakima County, WA","White Swan, Yakima County, WA, Yakama Reservation, Yakima County, WA",Access World News,5-May-21,N/A,Newspaper,https://drive.google.com/file/d/1_E9sL6CviMKCFzDObW7dqVmhKAfOwc_k/view?usp=share_link,1,1,1,1,1,,,,,,1,1,1,,,,,,,,,,,,
Ayer,Tammy,,Yakima Herald Republic ,2021,"Organizations plan events centered on May 5 to remember, honor missing and murdered Indigenous women and girls ","Yakima, Yakima County, WA","Toppenish, Yakima County, WA, Yakama Reservation, Yakima County, WA",Access World News,28-Apr-21,N/A,Newspaper,https://drive.google.com/file/d/1K4HvA_LaGhU9wxbdG4VCr3wubiZBW1I-/view?usp=share_link,1,1,1,1,0,,,,,,1,1,0,,,,,,,,,,,,
Ayer,Tammy,,Yakima Herald Republic ,2021,"Marking a birthday and hoping for answers, justice","Yakima, Yakima County, WA","Toppenish, Yakima County, WA",Access World News,14-Apr-21,N/A,Newspaper,https://drive.google.com/file/d/1p__Gb_Xm-Czpm_0g5nnK-paDfmgDRkGQ/view?usp=share_link,1,1,1,1,0,,,,,,1,1,0,,,,,,,,,,,,
Meyers,Donald W. ,,Yakima Herald Republic ,2021,"Second gentleman Douglas Emhoff points to vaccine efforts in Yakima, Yakama Nation as an example","Yakima, Yakima County, WA","Yakima, Yakima County, WA",Access World News,6-Apr-21,N/A,Newspaper,https://drive.google.com/file/d/1QooWV2MvDnPQUiRKgoXHBOHe0yl2ZvtB/view?usp=share_link,1,0,0,1,1,,,,,,0,0,0,,,,,,,,,,,,
Ayer,Tammy,,Yakima Herald Republic ,2021,Newhouse renews plea for cold case task office in Yakima focused on missing and murdered Indigenous women ,"Yakima, Yakima County, WA","Yakima, Yakima County, WA, Washington State",Access World News,29-Mar-21,N/A,Newspaper,https://drive.google.com/file/d/1d-hWCA2oYP4SaM-O9-8-enP6ZwcG6OCz/view?usp=share_link,1,1,0,1,1,,,,,,0,0,0,,,,,,,,,,,,
Ayer,Tammy,,Yakima Herald Republic ,2021,"More awareness of missing and murdered Indigenous people, but advocates say more action is needed","Yakima, Yakima County, WA","Yakama Reservation, Yakima County, WA, Washington State, National ",Access World News,7-Mar-21,N/A,Newspaper,https://drive.google.com/file/d/1ivjBZ5E9M_pq_MOKbpu8bo8WEkd8Tpfs/view?usp=share_link,1,1,1,1,1,,,,,,1,1,0,,,,,,,,,,,,
Ayer,Tammy,,Yakima Herald Republic ,2021,State track champion who runs for missing and murdered Indigenous women will compete for UW,"Yakima, Yakima County, WA","Seattle, King County, WA, Yakama Reservation, Yakima County, WA",Access World News,16-Jan-21,N/A,Newspaper,https://drive.google.com/file/d/1OXnBdOfH36ndgQMGKs_0jMcvsQJqEfms/view?usp=share_link,1,1,1,1,0,,,,,,1,1,1,,,,,,,,,,,,
Ayer,Tammy,,Yakima Herald Republic ,2020,We just want to know what happened:' Questions remain in mysterious death of Yakama woman,"Yakima, Yakima County, WA","Yakima County, WA, National ",Access World News,27-Dec-20,N/A,Newspaper,https://drive.google.com/file/d/1KOOQWJ2SpsPvFvhqjlVWqIq-h8BwQSVe/view?usp=share_link,1,1,1,1,1,,,,,,1,1,1,,,,,,,,,,,,
Ayer,Tammy,,Yakima Herald Republic ,2020,"Newhouse requests Central Washington office for missing, murdered Indigenous people","Yakima, Yakima County, WA","Yakima, Yakima County, WA, National ",Access World News,8-Dec-20,N/A,Newspaper,https://drive.google.com/file/d/1PVxHNnuoV_bTTCDr8dXuFiFnw1zfd_PH/view?usp=share_link,1,1,0,1,1,,,,,,0,0,0,,,,,,,,,,,,
Ayer,Tammy,,Yakima Herald Republic ,2020,"Better data, more leads: State patrol effort on missing Native people starts to yield results ","Yakima, Yakima County, WA",Washington State,Access World News,6-Dec-20,N/A,Newspaper,https://drive.google.com/file/d/1h37EVzSWJ4HvrgAk5BX-MuzOz5st0vDg/view?usp=share_link,1,1,1,1,1,,,,,,1,1,0,,,,,,,,,,,,
Ayer,Tammy,,Yakima Herald Republic ,2020,"Family, friends of Rosenda Strong mark two years since she disappeared, bring awareness of missing and murdered Native people","Yakima, Yakima County, WA","Toppenish, Yakima County, WA, Yakama Reservation, Yakima COunty, WA",Access World News,3-Oct-20,N/A,Newspaper,https://drive.google.com/file/d/1iGxibUexX9ZmH8w4zIDHirvsa0OHromx/view?usp=share_link,1,1,1,1,0,,,,,,1,1,0,,,,,,,,,,,,
Ayer,Tammy,,Yakima Herald Republic ,2020,Two pieces of legislation addressing MMIW crisis on their way to the White House,"Yakima, Yakima County, WA",National,Access World News,21-Sep-20,N/A,Newspaper,https://drive.google.com/file/d/1D2n-anNx76Ucoih6XKN58YdlWxzSs8VA/view?usp=share_link,1,1,1,1,1,,,,,,1,1,0,,,,,,,,,,,,
Yakima Herald-Republic editorial board,,,Yakima Herald Republic ,2020,Opinion: House should vote soon on MMIW bills,"Yakima, Yakima County, WA","Yakima County, WA, National ",Access World News,30-Jul-20,N/A,Newspaper,https://drive.google.com/file/d/1osSyTapJNqS3qYtfJ2j-73so2FSd9Ty8/view?usp=share_link,1,1,0,1,1,,,,,,0,0,0,,,,,,,,,,,,
Ayer,Tammy,,Yakima Herald Republic ,2020,Bipartisan letter to leaders of the U.S. House urges action on MMIW legislation before August recess,"Yakima, Yakima County, WA",National,Access World News,18-Jul-20,N/A,Newspaper,https://drive.google.com/file/d/13oh9cOHrU6iuK63gpRGvs3O8vw5NlbnB/view?usp=share_link,1,1,0,1,1,,,,,,1,0,0,,,,,,,,,,,,
Ayer,Tammy,,Yakima Herald Republic ,2020,May 5 is a day to remember missing and murdered indigenous women ,"Yakima, Yakima County, WA","Toppenish, Yakima County, WA, Yakama Reservation, Yakima County, WA",Access World News,5-May-20,N/A,Newspaper,https://drive.google.com/file/d/1KsgH7BUVJnJ4XbagT5E5SZi2MeR6ehEP/view?usp=share_link,1,1,1,1,1,,,,,,1,1,0,,,,,,,,,,,,
Yakima Herald-Republic editorial board,,,Yakima Herald Republic ,2020,"Editorial: For more Yakima Herald-Republic coverage of missing and murdered indigenous women and girls, go to https://www.yakimaherald.com/vanished","Yakima, Yakima County, WA","Yakama Reservation, Yakima County, WA",Access World News,13-Mar-20,N/A,Newspaper,https://drive.google.com/file/d/13--A1lJ2P9rD70fcu3pzAFXSY7Tcb-_w/view?usp=share_link,1,1,1,1,0,,,,,,1,1,1,,,,,,,,,,,,
Ayer,Tammy,,Yakima Herald Republic ,2020,Social media campaign honors Yakima Valley women for their contributions,"Yakima, Yakima County, WA","Yakima, Yakima County, WA",Access World News,11-Mar-20,N/A,Newspaper,https://drive.google.com/file/d/1wDSsSVnK7FiKLRakZs1hKJLfJ0qFfqHa/view?usp=share_link,1,1,1,1,0,,,,,,1,1,0,,,,,,,,,,,,
Ayer,Tammy,,Yakima Herald Republic ,2020,New fund at Yakima Valley Community Foundation supports work on justice for MMIW and their families,"Yakima, Yakima County, WA","Yakima, Yakima County, WA, National ",Access World News,8-Mar-20,N/A,Newspaper,https://drive.google.com/file/d/1cgkvf8IvO5crhNfI8fn8gER6XV5o8sp5/view?usp=share_link,1,1,1,1,0,,,,,,1,1,0,,,,,,,,,,,,
Ayer,Tammy,,Yakima Herald Republic ,2020,"Vibrant murals on Yakamart building bring awareness to missing, murdered indigenous people","Yakima, Yakima County, WA","Toppenish, Yakima County, WA",Access World News,11-Feb-20,N/A,Newspaper,https://drive.google.com/file/d/1wkoxyj2WwT5goIUgtotWkQ9dZmOOvSCX/view?usp=share_link,1,1,1,1,0,,,,,,1,1,0,,,,,,,,,,,,
Meyers,Donald W. ,,Yakima Herald Republic ,2020,Women's rights advocates take to Yakima streets for yearly march,"Yakima, Yakima County, WA","Yakima, Yakima County, WA",Access World News,18-Jan-20,N/A,Newspaper,https://drive.google.com/file/d/1u_xRlpSMpspPr16BU9A-8GJ4RHwVMes5/view?usp=share_link,1,1,0,1,0,,,,,,1,0,0,,,,,,,,,,,,
Ayer,Tammy,,Yakima Herald Republic ,2019,Free self-defense classes for girls and women set for Jan. 4 at Yakama National Tribal School,"Yakima, Yakima County, WA","Toppenish, Yakima County, WA",Access World News,30-Dec-19,N/A,Newspaper,https://drive.google.com/file/d/1BZtrmyf3yJhpNCyHRyGWW6-cOgL9-WhQ/view?usp=share_link,1,1,1,1,0,,,,,,1,1,1,,,,,,,,,,,,
Ayer,Tammy,,Yakima Herald Republic ,2019,Tribal leaders gather for summit with Indian Affairs secretary on missing and murdered indigenous women,"Yakima, Yakima County, WA","Toppenish, Yakima County, WA, Washington State",Access World News,16-Dec-19,N/A,Newspaper,https://drive.google.com/file/d/1SvjW0N_9LrPvTqY2n70EDSgfWHUxiU8g/view?usp=share_link,1,1,1,1,1,,,,,,1,1,0,,,,,,,,,,,,
Muir,Pat,,Yakima Herald Republic ,2019,Toppenish vigil urges public to remember missing and murdered Native people,"Yakima, Yakima County, WA","Toppenish, Yakima County, WA",Access World News,2-Dec-19,N/A,Newspaper,https://drive.google.com/file/d/1mMT8TldJKEDfbc7c6rxmFm9yJC6Li5Dz/view?usp=share_link,1,1,1,1,1,,,,,,1,1,1,,,,,,,,,,,,
Ayer,Tammy,,Yakima Herald Republic ,2019,"Senate committee passes Savanna's Act, sending it to full Senate","Yakima, Yakima County, WA","Washington, D.C.",Access World News,20-Nov-19,N/A,Newspaper,https://drive.google.com/file/d/14SAkqKPXd5iqQmkjPmfG61Q7-Zm5nr1j/view?usp=share_link,1,0,1,1,1,,,,,,1,1,0,,,,,,,,,,,,
Ayer,Tammy,,Yakima Herald Republic ,2019,"One year after meeting on missing women, mother still wonders about her daughter's death ","Yakima, Yakima County, WA","Yakima, Yakima County, WA",Access World News,29-Oct-19,N/A,Newspaper,https://drive.google.com/file/d/1r7noAScxzPhFxJuzC3FsjfCv1DsUnmAF/view?usp=share_link,1,1,1,1,1,,,,,,1,1,1,,,,,,,,,,,,
Ayer,Tammy,,Yakima Herald Republic ,2019,Hour-long talk devoted to missing and murdered indigenous women on House floor,"Yakima, Yakima County, WA","Washington, D.C.",Access World News,17-Oct-19,N/A,Newspaper,https://drive.google.com/file/d/1O8GZYq3GwkeWcBZRXe2kIT2WVoyxFatR/view?usp=share_link,1,1,0,1,1,,,,,,0,0,0,,,,,,,,,,,,
Ayer,Tammy,,Yakima Herald Republic ,2019,Yakama women bring awareness to missing and murdered indigenous women,"Yakima, Yakima County, WA","Pendleton, Umatilla County, OR",Access World News,16-Oct-19,N/A,Newspaper,https://drive.google.com/file/d/1pBpaU5r8Ca1hGfJfDLKmcRWPNs06OK36/view?usp=share_link,1,1,1,1,1,,,,,,1,1,0,,,,,,,,,,,,
Ayer,Tammy,,Yakima Herald Republic ,2019,"Vigil honors victims of domestic violence, along with missing, murdered indigenous women","Yakima, Yakima County, WA","Yakima, Yakima County, WA",Access World News,14-Oct-19,N/A,Newspaper,https://drive.google.com/file/d/1RWjLzuXv0H8az1D1lzMe-dbMarVPSLAn/view?usp=share_link,1,1,1,1,0,,,,,,1,1,0,,,,,,,,,,,,
Ayer,Tammy,,Yakima Herald Republic ,2019,"""We miss you every day, every second.""","Yakima, Yakima County, WA","Yakama Reservation, Yakima County, WA",Access World News,2-Oct-19,N/A,Newspaper,https://drive.google.com/file/d/1WjZoeY7jY41nU9sLe7A05-DbqQjBrtyu/view?usp=share_link,1,1,1,1,1,,,,,,1,1,0,,,,,,,,,,,,
Ayer,Tammy,,Yakima Herald Republic ,2019,She's my baby. Always will be my baby:' Woman raises awareness for missing granddaughter,"Yakima, Yakima County, WA","Wapato, Yakima County, WA, Yakama Reservation, Yakima County, WA",Access World News,26-Sep-19,N/A,Newspaper,https://drive.google.com/file/d/15-PfFQiqc37ksA7f5zNvK4EimPP963cX/view?usp=share_link,1,1,1,1,1,,,,,,1,1,1,,,,,,,,,,,,
Yakama Nation MMIW Committee,,,Yakima Herald Republic ,2019,Column: We must prevent further violence against Native women and girls,"Yakima, Yakima County, WA","Yakama Reservation, Yakima County, WA",Access World News,22-Sep-19,N/A,Newspaper,https://drive.google.com/file/d/1gqvX7figQMJq1f0BTaHuGwmKrbcu7Kea/view?usp=share_link,1,1,0,1,1,,,,,,1,0,0,,,,,,,,,,,,
Ayer,Tammy,,Yakima Herald Republic ,2019,Group says state study on missing Native women 'severely lacking',"Yakima, Yakima County, WA","Washington State, Yakama Reservation, Yakima County, WA",Access World News,21-Sep-19,N/A,Newspaper,https://drive.google.com/file/d/1Psi9Z7scYNT1bFgiuXGnXKyGEs-zJzgN/view?usp=share_link,1,1,1,1,1,,,,,,1,1,0,,,,,,,,,,,,
Ayer,Tammy,,Yakima Herald Republic ,2019,Puyallup woman whose mother disappeared speaks out for missing indigenous women ,"Yakima, Yakima County, WA","La Grande, Union County, OR, Washington State",Access World News,13-Sep-19,N/A,Newspaper,https://drive.google.com/file/d/15SFhJemu6qoQedB7PyT7WsOl11BkmwNu/view?usp=share_link,1,1,1,1,1,,,,,,1,1,1,,,,,,,,,,,,
Ayer,Tammy,,Yakima Herald Republic ,2019,Loved ones of missing and muirdered men and boys also wait for answers,"Yakima, Yakima County, WA","Toppenish, Yakima County, WA, Seattle, King County, WA",Access World News,19-Aug-19,N/A,Newspaper,https://drive.google.com/file/d/1EGml3DVKLlg2mGKX9fhW79PQk-cUULz4/view?usp=share_link,1,1,1,1,1,,,,,,1,1,0,,,,,,,,,,,,
Ayer,Tammy,,Yakima Herald Republic ,2019,Missing woman found dead; September trial set for accused killer,"Yakima, Yakima County, WA","Toppenish, Yakima County, WA, Yakama Reservation, Yakima County, WA",Access World News,15-Aug-19,N/A,Newspaper,https://drive.google.com/file/d/1x9YCf-ZXWc7-cD4SO-UjNXtLFwgf-gUP/view?usp=share_link,1,1,1,1,1,,,,,,1,1,1,,,,,,,,,,,,
Ayer,Tammy,,Yakima Herald Republic ,2019,Murray visits with Yakama leaders on MMIW crisis,"Yakima, Yakima County, WA","Toppenish, Yakima County, WA, Washington State",Access World News,9-Aug-19,N/A,Newspaper,https://drive.google.com/file/d/1kfS0ms6jYBdnNxVXW1vX7ZKSsRuJqbDn/view?usp=share_link,1,1,1,1,1,,,,,,1,1,0,,,,,,,,,,,,
Ayer,Tammy,,Yakima Herald Republic ,2019,"Though still unidentifiedd, body found near Wapato was male","Yakima, Yakima County, WA","Wapato, Yakima County, WA, Yakama Reservation, Yakima County, WA",Access World News,6-Aug-19,N/A,Newspaper,https://drive.google.com/file/d/1yZZjXCLaJCY1IZM8slscWrqJJqzZsmEM/view?usp=share_link,1,0,1,1,0,,,,,,0,0,0,,,,,,,,,,,,
Ayer,Tammy,,Yakima Herald Republic ,2019,"As coroner pursues other ways to indentify remains found on river island, families hope their missing loved one is coming home ","Yakima, Yakima County, WA","Yakama Reservation, Yakima County, WA",Access World News,5-Aug-19,N/A,Newspaper,https://drive.google.com/file/d/1ahUMCBug4RIsX7n2zznarxnvUgXpMqPS/view?usp=share_link,1,0,1,1,1,,,,,,1,1,0,,,,,,,,,,,,
Ayer,Tammy,,Yakima Herald Republic ,2019,"Investigation continues into death of Rosenda Strong with more examinations, tests","Yakima, Yakima County, WA","Wapato, Yakima County, WA, Yakama Reservation, Yakima County, WA",Access World News,1-Aug-19,N/A,Newspaper,https://drive.google.com/file/d/1dKwsiplojHHu4HFphUwwUg7ckj5gzWQq/view?usp=share_link,1,1,1,1,1,,,,,,1,1,1,,,,,,,,,,,,
Ayer,Tammy,,Yakima Herald Republic ,2019,"Newhouse addresses U.S. House about Rosenda Strong, urges action on MMIW","Yakima, Yakima County, WA","Toppenish, Yakima County, WA, Yakama Reservation, Yakima County, WA",Access World News,18-Jul-19,N/A,Newspaper,https://drive.google.com/file/d/1xaeTX9rCUyE2NSb7CW9mTMaioHsevzYs/view?usp=share_link,1,1,1,1,1,,,,,,1,1,0,,,,,,,,,,,,
Ayer,Tammy,,Yakima Herald Republic ,2019,Football player wears handprint on his face to bring attention to missing Native women,"Yakima, Yakima County, WA","Toppenish, Yakima County, WA",Access World News,14-Jul-19,N/A,Newspaper,https://drive.google.com/file/d/1hwxywbnCNqVD8zMFSMdee7BSOAqYNxOf/view?usp=share_link,1,1,1,1,0,,,,,,1,1,1,,,,,,,,,,,,
The Columbian of Vancouver,,,Yakima Herald Republic ,2019,"Native American women deserve action, justice ","Yakima, Yakima County, WA","Yakima, Yakima County, WA, Washington State, National ",Access World News,25-Jun-19,N/A,Newspaper,https://drive.google.com/file/d/1QgDplupzICdTbLUYfmXzNjpq5fDqBhrf/view?usp=share_link,1,1,1,1,1,,,,,,1,0,0,,,,,,,,,,,,
Ayer,Tammy,,Yakima Herald Republic ,2019,"In the Yakima Valley, a group seeks answers, solutions for MMIW crisis ","Yakima, Yakima County, WA","Yakama Reservation, Yakima/Kittitas County, WA, Washington State, National ",Access World News,13-Jun-19,N/A,Newspaper,https://drive.google.com/file/d/128xWIvwOh7FMvzaDiciSF-a3ISeunCjy/view?usp=share_link,1,1,1,1,1,,,,,,1,1,1,,,,,,,,,,,,
The Yakima Herald-Republic Editorial Board ,,,Yakima Herald Republic ,2019,Editorial: Congress needs a field trip to the Yakama Nation ,"Yakima, Yakima County, WA","Yakama Reservation, Yakima County, WA, Washington State, National ",Access World News,12-Jun-19,N/A,Newspaper,https://drive.google.com/file/d/13KCZEtLlcqwQ6ZQcrmqrtGepL5NnpFBU/view?usp=share_link,1,1,0,1,1,,,,,,1,0,0,,,,,,,,,,,,
Ayer,Tammy,,Yakima Herald Republic ,2019,WSP report on missing and murdered Native women says more coordination is needed,"Yakima, Yakima County, WA","Yakima County, WA, Washington State",Access World News,3-Jun-19,N/A,Newspaper,https://drive.google.com/file/d/1Z7ErriXuSPxgO6Iql9z6cKY2IyWQ57yb/view?usp=share_link,1,1,1,1,1,,,,,,1,1,1,,,,,,,,,,,,
Ayer,Tammy,,Yakima Herald Republic ,2019,"Families meet with congressman about mising, murdered Native women ","Yakima, Yakima County, WA","White Swan, Yakima County, WA, Yakama Reservation, Yakima County, WA, Washington State",Access World News,30-May-19,N/A,Newspaper,https://drive.google.com/file/d/1dZavGRyhuzuumqxcxdIfVa0S_oaZfcTk/view?usp=share_link,1,1,1,1,1,,,,,,1,1,1,,,,,,,,,,,,
Yakima Herald-Republic Editorial Board,,,Yakima Herald Republic ,2019,Editorial: Congress should not delay in passing Savanna's Act,"Yakima, Yakima County, WA","Washington State, National",Access World News,9-May-19,N/A,Newspaper,https://drive.google.com/file/d/1ZS6DixHlGHaDTJ3yhuYUIrO06yO1oxrQ/view?usp=share_link,1,1,1,1,1,,,,,,0,0,0,,,,,,,,,,,,
Ayer,Tammy,,Yakima Herald Republic ,2019,Hundreds gather in support of missing and murdered indigenous women and girls on the Yakama Reservation and beyond ,"Yakima, Yakima County, WA","Toppenish, Yakima County, WA, Yakama Reservation, Yakima County, WA, Washington State",Access World News,5-May-19,N/A,Newspaper,https://drive.google.com/file/d/1R6Fm0-HjWQqBJKNFsI5NrxU2FC1mpwS2/view?usp=share_link,1,1,1,1,1,,,,,,1,1,1,,,,,,,,,,,,
Washines,Emily,Glen Hamilton ,Yakima Herald Republic,2019,Saturday Soapbox: Time to correct the record on Yakama War,"Yakima, Yakima County, WA","Yakama Reservation, Yakima County, WA, Washington State, National ",Access World News,3-May-19,N/A,Newspaper,https://drive.google.com/file/d/1szzXx2WwNPUcRM_QU_0kzUKHMaeVE77o/view?usp=share_link,1,0,0,1,1,,,,,,0,0,0,,,,,,,,,,,,
Ayer,Tammy,,Yakima Herald Republic ,2019,"Toppenish events Sunday to raise awareness for missing, murdered indigenous women","Yakima, Yakima County, WA","Toppenish, Yakima County, WA, Yakama Reservation, Yakima County, WA, Washington State",Access World News,3-May-19,N/A,Newspaper,https://drive.google.com/file/d/1e_3WGX7PdcQyyZbwxPl7IUG5ep0y2Tqm/view?usp=share_link,1,1,1,1,1,,,,,,1,1,0,,,,,,,,,,,,
Ayer,Tammy,,Yakima Herald Republic,2019,Governor to sign Mosbrucker bill,"Yakima, Yakima County, WA",Washington State,Access World News,17-Apr-19,N/A,Newspaper,https://drive.google.com/file/d/1CfuVowlgHaXXuqbMsgq4bXXE0_62r-P7/view?usp=share_link,1,1,0,1,1,,,,,,1,0,0,,,,,,,,,,,,
Ayer,Tammy,,Yakima Herald Republic ,2019,"Mosbrucker bill on murdered, missing Native women goes to governor","Yakima, Yakima County, WA",Washington State,Access World News,16-Apr-19,N/A,Newspaper,https://drive.google.com/file/d/1Da8e6VY-mS7UBh-f3yz3Q8QQy1qHcI_r/view?usp=share_link,1,1,0,1,1,,,,,,1,0,0,,,,,,,,,,,,
Ayer,Tammy,,Yakima Herald Republic,2019,"Keeping alive - her story - Because of hr niece, Anita Nez dedicates herself to the cause of missing and murdered indigenous women ","Yakima, Yakima County, WA","Yakama Reservation, Yakima County, WA, Troutdale, Multnomah County, OR, Washington State, OR",Access World News,1-Apr-19,1A,Newspaper,https://drive.google.com/file/d/1OOV_RM1yJmxokggyORHOklE2oIWzWZqo/view?usp=share_link,1,1,1,1,1,,,,,,1,1,1,,,,,,,,,,,,
Ayer,Tammy,,Yakima Herald Republic ,2019,Round dance gathering to honor missing women organized by Yakama Nation Tribal School student - Dancing in Red,"Yakima, Yakima County, WA","Wapato, Yakima County, WA, Yakama Reservation, Yakima County, WA",Access World News,28-Feb-19,3A,Newspaper,https://drive.google.com/file/d/1vXXoQX3rUtPLuqlaR8kS9kmSoRmFP1AH/view?usp=share_link,1,1,1,0,0,,,,,,1,1,0,,,,,,,,,,,,
Ayer,Tammy,,Yakima Herald Republic ,2019,"A healing event' - Concerned loved ones gather in Wapato, take part in support activities ","Yakima, Yakima County, WA","Wapato, Yakima County, WA, Yakama Reservation, Yakima County, WA",Access World News,26-Feb-19,3A,Newspaper,https://drive.google.com/file/d/1s801UzXHxjsFJGV3-Qnh9oazTxS1boDr/view?usp=share_link,1,1,1,1,1,,,,,,1,1,1,,,,,,,,,,,,
Ayer,Tammy,,Yakima Herald Republic ,2019,Weather delays vigil by a week,"Yakima, Yakima County, WA","Wapato, Yakima County, WA",Access World News,13-Feb-19,3A,Newspaper,https://drive.google.com/file/d/1hrCWybVb1fsONEJ51HgLMA-48QFzgDjN/view?usp=share_link,1,1,1,0,0,,,,,,1,1,0,,,,,,,,,,,,
Ayer,Tammy,,Yakima Herald Republic ,2019,"MISSING AND MURDERED INDIGENOUS WOMEN - Her sister's vpice - Missing woman's sister, family want information, investigations and justice for Rosenda Strong: 'My sister, where are you!?'","Yakima, Yakima County, WA","Yakima, Yakima County, WA, Toppenish, Yakima County, WA, Yakama Reservation, Yakima County, WA",Access World News,8-Feb-19,1A,Newspaper,https://drive.google.com/file/d/1AXF_fBL_ef2qlUNbKYu6mAsm1L6lRIx4/view?usp=share_link,1,1,1,1,1,,,,,,1,1,1,,,,,,,,,,,,
Ayer,Tammy,,Yakima Herald Republic ,2019,"Community gatheer to address crisis in reporting, preventing violence","Yakima, Yakima County, WA","Toppenish, Yakima County, WA, Yakama Reservation, Yakima County, WA, Washington State",Access World News,15-Jan-19,1A,Newspaper,https://drive.google.com/file/d/1RZij7x6qQrEr2TPz0NI6Kpg09B3p2CV2/view?usp=share_link,1,1,1,1,1,,,,,,1,1,1,,,,,,,,,,,,
Yakima Herald Republic ,,,Yakima Herald Republic ,2019,"Here's what 'clicked' your interest - Rattlesnake Ridge, human tragedy drew people in ","Yakima, Yakima County, WA","Yakama Reservation, Yakima County, WA",Access World News,1-Jan-19,3A,Newspaper,https://drive.google.com/file/d/1HhipfzxJdGOPcjPtxjQ9X7M2ffKG_uuY/view?usp=share_link,1,0,1,1,0,,,,,,1,1,1,,,,,,,,,,,,
N/A,N/A,,Yakima Herald Republic ,2018,Yakima Valley's top stories of,"Yakima, Yakima County, WA","Yakama Reservation, Yakima County, WA, Washington State",Access World News,30-Dec-18,1A,Newspaper,https://drive.google.com/file/d/1lBw-yDCtKreqrzUb16lxG2YtK3pRBdrl/view?usp=share_link,1,1,1,1,1,,,,,,1,1,1,,,,,,,,,,,,
Hudetz,Mary,,Yakima Herald Republic ,2018,"Senate panel hears of Native women's deaths, disappearances","Yakima, Yakima County, WA","Yakama Reservation, Yakima County, WA, National",Access World News,14-Dec-18,3A,Newspaper,https://drive.google.com/file/d/1RKThLmIdmVcGtjTk4EKwE-qHNyYa0MiO/view?usp=share_link,1,1,1,1,1,,,,,,1,1,0,,,,,,,,,,,,
Ayer,Tammy,,Yakima Herald Republic ,2018,"Prayer walk, vigil planned for missing Native mom ","Yakima, Yakima County, WA","Wapato, Yakima County, WA, Toppenish, Yakima County, WA, Yakama Reservation, Yakima County, WA",Access World News,25-Nov-18,3A,Newspaper,https://drive.google.com/file/d/1N37TnT_t9htSWYOErUqFVi8ci3GKXTMQ/view?usp=share_link,1,1,1,0,0,,,,,,1,1,0,,,,,,,,,,,,
Ayer,Tammy,,Yakima Herald Republic ,2018,"In the 1980s and early '90s, sexual predators terrorized the Yakima Valley - A hunting ground?","Yakima, Yakima County, WA","Yakama Reservation, Yakima/Kittitas County, WA, Washington State, ID",Access World News,25-Nov-18,8A,Newspaper,https://drive.google.com/file/d/1gbwmDwAQ4DKoMUrxuvIu0A14VNubErVs/view?usp=share_link,1,0,1,1,1,,,,,,0,0,1,,,,,,,,,,,,
Ayer,Tammy,,Yakima Herald Republic ,2018,"Family, friends plead for answers","Yakima, Yakima County, WA","Wapato, Yakima County, WA",Access World News,25-Nov-18,3A,Newspaper,https://drive.google.com/file/d/1rjePwgNkdBYOWG_XSDApkXWZJhaVJcMZ/view?usp=share_link,1,1,1,1,0,,,,,,1,1,0,,,,,,,,,,,,
Ferolito,Phil,,Yakima Herald Republic ,2018,Yakama woman among victims identified in study ,"Yakima, Yakima County, WA","Seattle, King County, WA, Yakama Reservation, Yakima County, WA, National",Access World News,15-Nov-18,1A,Newspaper,https://drive.google.com/file/d/17zVhPHdE6mn-HugFci-BNl_wv6E1EgRi/view?usp=share_link,1,1,1,1,1,,,,,,1,1,0,,,,,,,,,,,,
N/A,N/A,,Yakima Herald Republic ,2018,Justice must be served for Native women ,"Yakima, Yakima County, WA","Yakama Reservation, Yakima County, WA, Washington State, National ",Access World News,23-Sep-18,4D,Newspaper,https://drive.google.com/file/d/1yqbmHxhrIZ3uWs7j0OVODopwj3H76yez/view?usp=share_link,1,1,1,1,1,,,,,,1,1,1,,,,,,,,,,,,
Ayer,Tammy,,Yakima Herald Republic ,2018,Native girls and women are murdered or go missing in almost inconceivable numbers. - The first steps toward a solution are finally being taken.,"Yakima, Yakima County, WA","Yakama Reservation, Yakima County, WA, Washington State, National ",Access World News,16-Sep-18,1A,Newspaper,https://drive.google.com/file/d/1XQ7E2YS7UM3I2aaAo3aO0bgxBfcGWng9/view?usp=share_link,1,1,1,1,1,,,,,,1,1,1,,,,,,,,,,,,
Regimbal,Alec,,Yakima Herald Republic ,2018,"Marching for awareness - Toppenish event calls attention to missing, murdered women, girls ","Yakima, Yakima County, WA","Toppenish, Yakima County, WA, Washington State, National, Canada",Access World News,6-May-18,3A,Newspaper,https://drive.google.com/file/d/10Or-Ar2QUYJn11hL9l9lfnfbbkTqAYLR/view?usp=share_link,1,1,1,1,1,,,,,,1,0,0,,,,,,,,,,,,
Yakima Herald Republic ,,,Yakima Herald Republic ,2018,"Speakers, walk promote national of awareness","Yakima, Yakima County, WA","Toppenish, Yakima County, WA",Access World News,2-May-18,3A,Newspaper,https://drive.google.com/file/d/1hXLZJX3jw0NlJlMSrDkY4hnKoTZj2lZu/view?usp=share_link,1,1,0,1,0,,,,,,1,0,0,,,,,,,,,,,,
Ayer,Tammy,,Yakima Herald Republic ,2018,The longest walk,"Yakima, Yakima County, WA","Yakama Reservation, Yakima County, WA, Satus Pass, Klickitat County, WA, National",Access World News,7-Mar-18,3A,Newspaper,https://drive.google.com/file/d/1j6ovUMLH-O-KftALYzQ0S4P8Yyml3uRF/view?usp=share_link,1,1,0,1,0,,,,,,1,0,0,,,,,,,,,,,,
Ayer,Tammy,,Yakima Herald Republic ,2018,Women laud effort to curb violence,"Yakima, Yakima County, WA","Yakama Reservation, Yakima County, WA, Washington State",Access World News,11-Feb-18,1A,Newspaper,https://drive.google.com/file/d/1kQgX3MUTGA9g4s3S7Wo04LfM6tBANLWH/view?usp=share_link,1,1,0,1,1,,,,,,1,1,0,,,,,,,,,,,,
Ayer,Tammy,,Yakima Herald Republic ,2018,Do what you fear and fear disappears' - right as reign - 'Do what you fear and fear disappears' - I love my culture. I love my language. I love my people - royal treatment - reign maker - free reign - reign check - growing and learning - right as reign - Miss Yakama Nation Chrissy Jim holds herself to a high standard: 'You're representing your people; you're representing Native Americans; you're representing the land ...',"Yakima, Yakima County, WA","Yakama Reservation, Yakima County, WA, National",Access World News,17-Feb-17,1A,Newspaper,https://drive.google.com/file/d/12WWd8gnqKq7s0HGAlIyKML7le7Om1N41/view?usp=share_link,1,1,0,1,0,,,,,,1,1,0,,,,,,,,,,,,
,,,,,,,,,,,,,,,,,,,,,,,,,,,,,,,,,,,,,
,,,,,,,,,,,,,,,,,,,,,,,,,,,,,,,,,,,,,
,,,,,,,,,,,,,,,,,,,,,,,,,,,,,,,,,,,,,
,,,,,,,,,,,,,,,,,,,,,,,,,,,,,,,,,,,,,
EMILY,,,,,,,,,,,,,,,,,,,,,,,,,,,,,,,,,,,,,
Charles,Sephora,,The Bellingham Herald,2025,"1,648 missing indigenous person reports in 20 years in Pierce Co. Whats being done?","Bellingham, WA","Pierce County, Washington",Access World News,"September 3rd, 2025",N/A,Newspaper,https://drive.google.com/file/d/17PFEQDC-_KbPf61ZHBGQD4mGMDyZSaGq/view?usp=sharing,1,1,1,1,1,,,,,,1,1,1,,,,,,,,,,,,
Carter,Simone,,The Bellingham Herald,2025,WA Senate honors missing & murdered Indigenous women:'No more stolen sisters',"Bellingham, WA",Washington,Access World News,"April 16th, 2025",N/A,Newspaper,https://drive.google.com/file/d/1nEWaox4l1fE-2f4xZh1MDFBqfujXB4be/view?usp=sharing,1,1,0,1,0,,,,,,1,0,0,,,,,,,,,,,,
Van De Venter,Karlee,,The Bellingham Herald,2023,WA's latest investigator to focus on Indigenous cold cases,"Bellingham, WA",Washington,Acess World News,"November 15th, 2023",N/A,Newspaper,https://drive.google.com/file/d/1qVVajg5kqQvIND5R8VcRt5vCmcG-w3bk/view?usp=sharing,1,1,0,1,1,,,,,,1,0,0,,,,,,,,,,,,
Ayer,Tammy,,The Bellingham Herald,2022,"WA task force on missing indigenous people stresses need for funding, family support","Bellingham, WA",Washington,Acess World News,"September 20th, 2022",N/A,Newspaper,https://drive.google.com/file/d/1afqbPh1lf7iCwGwCt_4PwoKqjPHHRGT4/view?usp=sharing,1,1,0,1,1,,,,,,1,0,0,,,,,,,,,,,,
sowersby,Shauna,,The Bellingham Herald,2022,What the MMIWP - Task force recommends for the state,"Bellingham, WA",Washington,Access World News,"August 3rd, 2022",N/A,Newspaper,https://drive.google.com/file/d/1yqqJ1oBpwrbRnb04d8AQMio7HZOs_B-v/view?usp=sharing,1,1,0,1,1,,,,,,1,0,0,,,,,,,,,,,,
Brennan,Natasha,,The Bellingham Herald,2022,Survivors and Families share stories at gathering for missing and murdered Indigenous people,"Bellingham, WA","Seattle, WA",Acess World News,"May 9th, 2022",N/A,Newspaper,https://drive.google.com/file/d/1vJC3jedkO0b1w2gRx3BFyPOZMtribgwz/view?usp=sharing,1,1,1,1,1,,,,,,1,1,0,,,,,,,,,,,,
Brennan,Natasha,,The Bellingham Herald,2022,"Lummi walk highlights missing, murdered Indigenous people","Bellingham, WA","Lummi Reservation, WA",Access World News,"May 8th, 2022",N/A,Newspaper,https://drive.google.com/file/d/1Ic-zJAZFOz-TMzWTk6Srnax6ksPK-Mje/view?usp=sharing,1,1,1,1,1,,,,,,0,0,0,,,,,,,,,,,,
Brennan,Natasha ,,The Bellingham Herald ,2022,State bill would create alerts for missing Indigenous women,"Bellingham, WA",Washington,Access World News,"January 4th, 2022",N/A,Newspaper,https://drive.google.com/file/d/1kThBA1iD5Y3zWjd-QbHtgxe-Sy4fnN7a/view?usp=sharing,1,1,0,1,1,,,,,,1,0,0,,,,,,,,,,,,
Brennan,Natasha,,The Bellingham Herald,2021,"Missing, murdered Indigenous women task force announced","Bellingham, WA",Washington,Access World News,"August 13th, 2021",N/A,Newspaper,https://drive.google.com/file/d/1b9HLqbc4uS80hJxA_BowA_ao_ROyxfeB/view?usp=sharing,1,1,0,1,1,,,,,,1,0,0,,,,,,,,,,,,
Pratt,Denver,,The Bellingham Herald,2021,"Washington to form task force on missing, murdered Indigenous women","Bellingham, WA","Whatcom County WA, Lummi Reservation, Washington State",Acess World News,"May 6th, 2021",N/A,Newspaper,https://drive.google.com/file/d/10TqxF_05NRSuLWDDh6nUqZBCwR-j_YH8/view?usp=sharing,1,1,1,1,1,,,,,,1,0,0,,,,,,,,,,,,
Cary,Annette,,The Bellingham Herald,2021,Doug-Emhoff hears pleas from - Yakima nation to - Breach Snake RIver dams,"Bellingham, WA","Toppenish, WA",Access World News,"April 8th, 2021",N/A,Newspaper,https://drive.google.com/file/d/1o7Qi1nDeKQvbPxb8Wse4xOtgPPsKWMfR/view?usp=sharing,1,1,0,1,1,,,,,,1,0,0,,,,,,,,,,,,
Associated Press,,,The Bellingham Herald,2020,"DOJ Names coordinator for missing, killed Native Americans","Bellingham, WA","Seattle, WA",Access World News,"November 14th, 2020",N/A,Newspaper,https://drive.google.com/file/d/1w9AcuGnacEa1ItbZp8KI_R2Xqjj5PKGr/view?usp=sharing,1,0,0,1,1,,,,,,0,0,0,,,,,,,,,,,,
Ayer,Tammy,,The Bellingham Herald,2020,Bellingham company develops app to improve safety on reservations,"Bellingham, WA","Lummi Reservation, WA, Bellingham WA",Access World News,"January 23rd, 2020",N/A,Newspaper,https://drive.google.com/file/d/13PzC108lQU44TgaplQkBLyuFOSUcNBew/view?usp=sharing,1,0,0,1,1,,,,,,1,0,0,,,,,,,,,,,,
Beekman,Daniel,,The Bellingham Herald,2019,"Seattle to address violence against Indigenous women, girls","Bellingham, WA","Seattle, WA",Access World News ,"September 11th, 2019",N/A,Newspaper,https://drive.google.com/file/d/1HgYsAKEV9QMRfuQ9xz409JcEubSoznOW/view?usp=sharing,1,1,0,1,1,,,,,,1,0,0,,,,,,,,,,,,
Davila,Vianna,,The Bellingham Herald,2018,Survey reveals high rates - of sexual assault among- Native American women,"Bellingham, WA","Seattle, WA",Access World News,"August 26th, 2018",N/A,Newspaper,https://drive.google.com/file/d/1TD_cGOhagPN4LQftbqSYLrsV6HSY706I/view?usp=sharing,1,1,0,1,0,,,,,,0,1,0,,,,,,,,,,,,
,,,The Bellingham Herald Today's Edition,2025,,"Bellingham, WA","Washington; Tacoma, WA",Access World News ,"September 13th, 2025",N/A,Newspaper,https://drive.google.com/file/d/1Ud7v0KNq-g8iRqeTw2RMDjI4dWP0l9tj/view?usp=sharing,1,1,1,1,1,,,,,,1,1,0,,,,,,,,,,,,
Sephora,Charles,,The Bellingham Herald Today's Edition,2025,"1,648 missing indigenous person reports in 20 years in Pierce Co. Whats being done?","Bellingham, WA",Washington,Access World News,"September 3rd, 2025",N/A,Newspaper,https://drive.google.com/file/d/1mAhpcS623KR4V1T7L3I2v13bzFxLKqvI/view?usp=sharing,1,1,1,1,1,,,,,,1,1,1,,,,,,,,,,,,
Carter,Simone,,The Bellingham Herald Today's Edition,2025,WA Senate honors missing & murdered Indigenous women:'No more stolen sisters',"Bellingham, WA","Olympia, WA",Access World News,"April 16th, 2025",N/A,Newspaper,https://drive.google.com/file/d/1E4QfnhUhGubgD9MrBKgH8T0czJx5EwQw/view?usp=sharing,1,1,0,1,1,,,,,,1,0,0,,,,,,,,,,,,
Carter,Simone,,The Bellingham Herald Today's Edition,2025,WA Senate honors missing & murdered Indigenous women,"Bellingham, WA","Olympia, WA",Access World News,"April 15th, 2025",N/A,Newspaper,https://drive.google.com/file/d/18t1zSv0FTPcpNPf5eq_Xxwu5Y6u1kDpl/view?usp=sharing,1,0,0,1,1,,,,,,1,0,0,,,,,,,,,,,,
Todd,Annie,,Cascadia Daily News,2025,Coastal jam held to honor missing and murdered Indigenous people in Lummi Nation,"Bellingham, WA","Lummi Nation, WA",Access World News,"May 9th, 2025",N/A,Newspaper,https://drive.google.com/file/d/12sGWLB_YmdohXDfhdDc9TryeQt9gXtzw/view?usp=sharing,1,1,1,1,0,,,,,,1,1,0,,,,,,,,,,,,
Todd,Annie,,Cascadia Daily News,2025,Lummi family demands answers: Grandmother has been missing for 100 days,"Bellingham, WA","Lummi Nation, WA",Access World News,"May 4th, 2025",N/A,Newspaper,https://drive.google.com/file/d/1IOdH2-eANmetcg30j0IET8R3EQnERFVf/view?usp=sharing,1,1,1,1,1,,,,,,1,1,1,,,,,,,,,,,,
Lerner,Julia,,Cascadia Daily News,2023,Lummi Nation honors missing and murdered Indigenous people - May 5 marks third federal MMIP day,"Bellingham, WA","Lummi Nation, WA",Access World News,"May 4th, 2023",N/A,Newspaper,https://drive.google.com/file/d/1aqvaq_FtNHgS_jV0b8MZm0_R3uzSuFjG/view?usp=sharing,1,1,1,1,1,,,,,,1,1,1,,,,,,,,,,,,
Lerner,Julia,,Cascadia Daily News,2022,"I was an Alaskan Bush Reporter, and I love 'Alaska Daily' - Northern Alaska, Journalism, and Hilary Swank","Bellingham, WA","Nome, Alaska",Access World News,"November 3rd, 2022",N/A,Newspaper,https://drive.google.com/file/d/1e4ES7Cg-FCnPr3gSOFjoL80IxI0Qp9u9/view?usp=sharing,1,1,1,1,0,,,,,,1,1,0,,,,,,,,,,,,
Lerner,Julia ,,Cascadia Daily News,2022,"City Club to host missing and murdered Indigenous persons event - MMIP discussion led my Rep. Lekanhoff, Annie Foresman-Adams Wednesday","Bellingham, WA","Bellingham, WA",Access World News,"July 25th, 2022",N/A,Newspaper,https://drive.google.com/file/d/1vLxqSJD8-E2yHMwIITUk_XrUtRio_qix/view?usp=sharing,1,1,0,1,1,,,,,,1,0,0,,,,,,,,,,,,
Lerner,Julia,,Cascadia Daily News,2022,Local tribes honor missing and murdered Indigenous Persons - Biden declared May 5 MMIP awarness day,"Bellingham, WA","Lummi Nation, WA",Access World News,"May 5th, 2022",N/A,Newspaper,https://drive.google.com/file/d/1OLRqCGL0K8KV9j8KVu8U6i2WFJHdvg_w/view?usp=sharing,1,1,1,1,0,,,,,,0,1,0,,,,,,,,,,,,
Josie,Bailey,,Issaquah & Sammammish Reporter,2024,Working towards justice for the missing and murdered in Washington,"Bellevue, WA","Lummi Nation, WA",Access World News,"November 28th, 2024",N/A,Newspaper,https://drive.google.com/file/d/1C-fVmUjX8W1kNdv8FG-cvGRIB_B7Z3I0/view?usp=sharing,1,1,1,1,1,,,,,,1,1,1,,,,,,,,,,,,
Wire Service,,,Issaquah & Sammammish Reporter,2022,Forum spotlights Washington's missing and murdered Indigenous people,"Bellevue, WA","Puyallup Tribe, WA; La Grande, OR; Washington",Access World News,"November 16th, 2022",N/A,Newspaper,https://drive.google.com/file/d/1FSj13b9dBrU_TcPSGGrhyexAQvJJYjus/view?usp=sharing,1,1,1,1,1,,,,,,1,1,1,,,,,,,,,,,,
Saunders,Hannah,,Issaquah & Sammammish Reporter,2022,No more stolen sisters: How WA is responding to missing and murdered Indigenous people,"Bellevue, WA","Washington; Cheyenne Reservation, MT; King county, WA",Access World News,"May 7th, 2022",N/A,Newspaper,https://drive.google.com/file/d/1Vt6UA8eCuVxJzpGMSv68t1QtJolkHm5u/view?usp=sharing,1,1,1,1,1,,,,,,1,1,0,,,,,,,,,,,,
Breda,Isabella,,Issaquah & Sammammish Reporter,2022,New alert system aims to bring home missing Indigenous people,"Bellevue, WA","Tulalip Reservation, WA",Access World News,"April 12th, 2022",N/A,Newspaper,https://drive.google.com/file/d/1VSPCKlAgIl911vK0Ke1afqHnK6k2HdhD/view?usp=sharing,1,1,1,1,1,,,,,,1,1,1,,,,,,,,,,,,
Hellmann,Melissa,,Issaquah & Sammammish Reporter,2019,Legislation targets missing and murdered Indigenous women epidemic,"Bellevue, WA","Puyallup Tribe, WA; Washington; King county, WA",Access World News,"February 8th, 2019",N/A,Newspaper,https://drive.google.com/file/d/1G0YWdaHNN50xyvkDnlYzmZ9sJpScTrua/view?usp=sharing,1,1,1,1,1,,,,,,1,0,0,,,,,,,,,,,,
Hellmann,Melissa,,Issaquah & Sammammish Reporter,2019,Washington Indigenous communities push for action to address violence against women,"Bellevue, WA","Port Angeles, WA; Seattle, WA; Washington",Access World News,"January 14th, 2019",N/A,Newspaper,https://drive.google.com/file/d/1sczSPhOsAsCZqjCUMb72PfZidyiun2C_/view?usp=sharing,1,1,1,1,1,,,,,,1,1,1,,,,,,,,,,,,
Josie,Bailey,,Kent Reporter,2025,Muckleshoot tribe hosts national MMIP coordinator gathering,"Kent, WA","Muckleshoot Tribe, WA",Access World News,"November 26th, 2025",N/A,Newspaper,https://drive.google.com/file/d/1oNsjuaGcRPrD6YwIFGGxziRq0vb8PkNS/view?usp=sharing,1,1,1,1,1,,,,,,1,1,0,,,,,,,,,,,,
Steve,Hunter,,Kent Reporter ,2025,Kent state Sen. Kauffman reacts to X post by Ann Coulter,"Kent, WA","Kent, WA",Access World News,"July 21st, 2025",N/A,Newspaper,https://drive.google.com/file/d/17WV4KocqGXn4aN596PSujiJStjp7eWdE/view?usp=sharing,1,1,0,1,1,,,,,,1,0,0,,,,,,,,,,,,
Josie,Bailey,,Kent Reporter,2024,Working towards justice for the missing and murdered in Washington,"Kent, WA","Lummi Nation, WA; Washington; Yakima, WA",Access World News,"November 28th, 2024",,Newspaper,https://drive.google.com/file/d/1nrps_SrJxcUx_iMx4TM4U14Iu7NB3NZ2/view?usp=sharing,1,1,1,1,1,,,,,,1,1,1,,,,,,,,,,,,
Northwest,,,Kent Reporter,2022,"The land cries out': Family members of missing, murdered Indigenous people share stories","Kent, WA","Yakima, WA; Washington",Access World News,"December 28th, 2022",N/A,Newspaper,https://drive.google.com/file/d/1uWzFDSUzBNVjbGKrdnAJ-1LvIZZo39I8/view?usp=sharing,1,1,1,1,1,,,,,,1,1,1,,,,,,,,,,,,
Northwest,,,Kent Reporter,2022,Forum spotlights Washington's missing and murdered Indigenous people,"Kent, WA","La Grande, OR; Washington; Kent, WA",Access World News,"November 16th, 2022",N/A,Newspaper,https://drive.google.com/file/d/1DTCXOdTnQRTXwrudgbHnfyPhdiYfJohs/view?usp=sharing,1,1,1,1,1,,,,,,1,1,1,,,,,,,,,,,,
News,,,Kent Reporter,2022,"PNW true crime fest in Auburn rallies a spooky, thoughful community","Kent, WA","Auburn, WA; Seattle, WA; Tacoma, WA",Access World News,"October 20th, 2022",N/A,Newspaper,https://drive.google.com/file/d/13tVxO0eHZWfzWn7-61c5IEOufsxVpX2s/view?usp=sharing,1,0,1,1,0,,,,,,0,1,1,,,,,,,,,,,,
Saunders,Hannah,,Kent Reporter,2022,No more stolen sisters: How WA is responding to missing and murdered Indigenous people,"Kent, WA","Washington; Seattle, WA; King County, WA; Auburn, WA ",Access World News,"May 7th, 2022",N/A,Newspaper,https://drive.google.com/file/d/1jWZTzue-rqFSswj2FaiZbaZj4MiqDrgr/view?usp=sharing,1,1,1,1,1,,,,,,1,1,1,,,,,,,,,,,,
Breda,Isabella,,Kent Reporter,2022,New alert system aims to bring home missing Indigenous people,"Kent, WA","Washington; Seattle, WA; Tulalip Reservation, WA; Marysville, WA",Access World News,"April 12th, 2022",N/A,Newspaper,https://drive.google.com/file/d/1MDw7xBtYpgRiX-krf8HjwvRNH0crzEhw/view?usp=sharing,1,1,1,1,1,,,,,,1,1,1,,,,,,,,,,,,
Hellmann,Melissa,,Kent Reporter ,2019,Legislation targets missing and murdered Indigenous women epidemic,"Kent, WA","Puyallup, WA; Spirit Lake Tribe, ND; Seattle, WA",Access World News ,"February 8th, 2019",N/A,Newspaper,https://drive.google.com/file/d/1qtoEKpa1i-byzNYC0Zgl_0Y555dADfnN/view?usp=sharing,1,1,1,1,1,,,,,,1,0,0,,,,,,,,,,,,
Hellmann,Melissa,,Kent Reporter,2019,Washington Indigenous communities push for action to address violence against women,"Kent, WA","Washington; Seattle, WA; Tulalip Reservation, WA; New Mexico",Access World News,"January 14th, 2019",N/A,Newspaper,https://drive.google.com/file/d/1lKgO2Pi7aqQ8oRZ9CnDqldmNoI-DnYd0/view?usp=sharing,1,1,1,1,1,,,,,,1,1,1,,,,,,,,,,,,
Josie,Bailey,,Kirkland Reporter ,2024,Working towards justice for the missing and murdered in Washington,"Kirkland, WA","Washington; Seattle, WA; Lummi Nation, WA; Yakima Nation, WA",Access World News,"November 28th, 2024",N/A,Newspaper,https://drive.google.com/file/d/1OCOwNouSpOmFY3QxoWhPC3hioZTtfRrl/view?usp=sharing,1,1,1,1,1,,,,,,1,1,1,,,,,,,,,,,,
Northwest,,,Kirkland Reporter ,2022,Forum spotlights Washington's missing and murdered Indigenous people,"Kirkland, WA","Washington; Kent, WA; La Grande, OR; Puyallup Tribe, WA",Access World News,"November 16th, 2022",N/A,Newspaper,https://drive.google.com/file/d/1zxVcZtcRvYxX6GA9RQKqiTg2yomkcfWr/view?usp=sharing,1,1,1,1,1,,,,,,1,1,1,,,,,,,,,,,,
Saunders,Hannah,,Kirkland Reporter ,2022,No more stolen sisters: How WA is responding to missing and murdered Indigenous people,"Kirkland, WA","Washington; Seattle,WA; King County, WA",Access World News,"May 7th, 2022",N/A,Newspaper,https://drive.google.com/file/d/1UoI7L0U_7KUz6CgvoIt1LbsWYimty0WI/view?usp=sharing,1,1,1,1,1,,,,,,1,1,1,,,,,,,,,,,,
Breda,Isabella,,Kirkland Reporter ,2022,New alert system aims to bring home missing Indigenous people,"Kirkland, WA","Washington; Tulalip, WA; Seattle, WA; Marysville, WA",Access World News,"April 12th, 2022",N/A,Newspaper,https://drive.google.com/file/d/1EHYwNF3lztUkchnH2rYojP2cITCk-G4D/view?usp=sharing,1,1,1,1,1,,,,,,1,1,1,,,,,,,,,,,,
Hellmann,Melissa,,Kirkland Reporter ,2019,Legislation targets missing and murdered Indigenous women epidemic,"Kirkland, WA","Washington; Seattle, WA; Puyallup Tribe, WA; Spirit Lake Tribe, ND",Access World News,"February 8th, 2019",N/A,Newspaper,https://drive.google.com/file/d/1sZkX6si1c2o0k8MFmdQRrHXM_8l-vkA8/view?usp=sharing,1,1,1,1,1,,,,,,1,0,0,,,,,,,,,,,,
Hellmann,Melissa,,Kirkland Reporter ,2019,Washington Indigenous communities push for action to address violence against women,"Kirkland, WA","Washington; Seattle, WA; Tulalip Reservation, WA; New Mexico",Access World News,"January 14th, 2019",N/A,Newspaper,https://drive.google.com/file/d/1eL47GhBNq7-JuKhctYxb_t8YeToE6SaY/view?usp=sharing,1,1,1,1,1,,,,,,1,1,1,,,,,,,,,,,,
Staff Report,,,Kitsap Daily News,2025,"Suquamish, S'Klallam tribes conduct MMIW marches","Bainbridge Island, WA","Suquamish, WA; Port Gamble S'Klallam, WA; Washington",Access World News ,"May 7th, 2025",N/A,Web-Only Source,https://drive.google.com/file/d/130yP2umw6jKvETCTibynvkoPt9AhRKzx/view?usp=sharing,1,1,0,1,1,,,,,,1,0,0,,,,,,,,,,,,
Moore,Jacob,,Kitsap Daily News,2018,"Suquamish art-ivist uses the power of poetry, song in social justice movement - 'It's an honor to be apart and to celebrate and to speak truth'","Bainbridge Island, WA","Suquamich, WA; Washington; Bremerton, WA; Puyallup, WA;  Standing Rock, SD/ND",Access World News,"February 2nd, 2018",N/A,Web-Only Source,https://drive.google.com/file/d/1z2Mu31935vky0Q4Yq61u5BsNkV9p7mtf/view?usp=sharing,1,1,0,1,0,,,,,,0,1,0,,,,,,,,,,,,
Marinella,Mike,Dan Newhouse,Lake Chelan Mirror,2023,"Newhouse introduces legislation to strengthen Tribal Law Enforcement, addresses MMIW crisis","Chelan, WA",Washington; Washington D.C.; Arizona; Kansas,Access World News,"March 7th, 2023",N/A,Newspaper,https://drive.google.com/file/d/1yvr31hBkwqlw2e1Yy74y5drBZynvdlB1/view?usp=sharing,1,1,0,1,1,,,,,,1,0,0,,,,,,,,,,,,
Marinella,Mike,Dan Newhouse,The Leavenworth Echo,2023,"Newhouse introduces legislation to strengthen Tribal Law Enforcement, addresses MMIW crisis","Leavenworth, WA",Washington; Washington D.C.; Arizona; Kansas,Access World News,"March 7th, 2023",N/A,Newspaper,https://drive.google.com/file/d/1YdWz3OSaGUV-MSRsqPQs3cmGqelQxnAD/view?usp=sharing,1,1,0,1,1,,,,,,1,0,0,,,,,,,,,,,,
Istrator,,,Lynwood Today,2024,Red Garment Project' at Edmonds church spotlights missing and murdered Indigenous people,"Lynwood, WA","Edmonds, WA; Washington; Montana; Canada",Access World News,"May 10th, 2024",N/A,Web-Only Source,https://drive.google.com/file/d/14B34y_0oCMNVcMTpWk1R4huREcsKuBR6/view?usp=sharing,1,1,1,1,1,,,,,,1,1,0,,,,,,,,,,,,
istrator,,,Lynwood Today,2023,"21st District legislators respond to questions on single-family housing, gun control and more at saturday town hall","Lynwood, WA",Washington,Access World News,"March 19th, 2023",N/A,Web-Only Source,https://drive.google.com/file/d/1LVPcHO-ELpaVuy1gOWPNEBvQLEP-HVI8/view?usp=sharing,1,0,0,1,1,,,,,,0,0,0,,,,,,,,,,,,
Istrator,,,Lynwood Today,2022,Edmonds Lutheran Church presents Red Dress Project art installation for MMIWG2S,"Lynwood, WA","Edmonds, WA; Washington; National",Access World News,"May 6th, 2022",N/A,Web-Only Source,https://drive.google.com/file/d/1nK_MafPz79dvS841vgWHUGaP766sJyDa/view?usp=sharing,1,1,0,1,1,,,,,,1,0,0,,,,,,,,,,,,
Istrator,,,Lynwood Today,2022,"Red Dress art installation focuses on missing, murdered Indigenous women","Lynwood, WA","Edmonds, WA; Washington; National",Access World News,"May 6th, 2022",N/A,Web-Only Source,https://drive.google.com/file/d/1jNDKqbEajz0Vusgf_6AubEopOtM9A5_i/view?usp=sharing,1,1,0,1,1,,,,,,1,0,0,,,,,,,,,,,,
Josie,Bailey,,Maple Valley & Covington Reporter,2024,Working toward justice for the missing and murdered in Washington,"Federal Way, WA","Washington; Seattle, WA; Lummi Nation, WA; Yakima Nation, WA",Access World News,"November 28th, 2024",N/A,Newspaper,https://drive.google.com/file/d/1Ru76GuX1Zv2skCMErPC0_qCO0TCrkmCc/view?usp=sharing,1,1,1,1,1,,,,,,1,1,1,,,,,,,,,,,,
Northwest,,,Maple Valley & Covington Reporter,2022,Forum spotlights Washington's missing and murdered Indigenous people,"Federal Way, WA","Washington; Kent, WA; La Grande, OR; Puyallup Tribe, WA",Access World News,"November 16th, 2022",N/A,Newspaper,https://drive.google.com/file/d/1Ru76GuX1Zv2skCMErPC0_qCO0TCrkmCc/view?usp=sharing,1,1,1,1,1,,,,,,1,1,1,,,,,,,,,,,,
Saunders,Hannah,,Maple Valley & Covington Reporter,2022,No more stolen sisters: How WA is responding to missing and murdered Indigenous people,"Federal Way, WA","Washington; Seattle, WA; King County, WA; Auburn, WA ",Access World News,"May 7th, 2022",N/A,Newspaper,https://drive.google.com/file/d/1WtrORVC-AVSeIK2c9zbgdo0ZoB26Iry5/view?usp=sharing,1,1,1,1,1,,,,,,1,1,0,,,,,,,,,,,,
Breda,Isabella,,Maple Valley & Covington Reporter,2022,New alert system aims to bring home missing Indigenous people,"Federal Way, WA","Washington; Tulalip Reservation, WA; Seattle, WA; Marysville, WA; San Juan, TX; Portland, OR",Access World News,"April 12th, 2022",N/A,Newspaper,https://drive.google.com/file/d/10nhQekoXLa3yj4vKzXo3sJYWCBKxqmC7/view?usp=sharing,1,1,1,1,1,,,,,,1,1,1,,,,,,,,,,,,
Hellmann,Melissa,,Maple Valley & Covington Reporter,2019,Legislation targets missing and murdered Indigenous women epidemic,"Federal Way, WA","Washington; Seattle, WA; Puyallup Tribe, WA; Spirit Lake Tribe, ND",Access World News,"February 8th, 2019",N/A,Newspaper,https://drive.google.com/file/d/1QZW6zyHO30Wi183IXHVQavKfxEy7XPhS/view?usp=sharing,1,1,1,1,1,,,,,,1,0,0,,,,,,,,,,,,
Hellmann,Melissa ,,Maple Valley & Covington Reporter,2019,Washington Indigenous communities push for action to address violence against women,"Federal Way, WA","Washington; Seattle, WA; Tulalip Reservation, WA; New Mexico",Access World News,"January 14th, 2019",N/A,Newspaper,https://drive.google.com/file/d/1HshZb430N0xZaBEeu6KbYbBtl5KL8Sy5/view?usp=sharing,1,1,1,1,1,,,,,,1,1,1,,,,,,,,,,,,
Boxleeitner,Kirk,,Marysville Globe,2016,"Earrings help people hear voices of missing, murdered Native American women","Marysville, WA","National; Washington; Tulalip Reservation, WA",Access World News,"January 15th, 2016",N/A,Newspaper,https://drive.google.com/file/d/1RleI5jCGDPgXSV_wkSQhuFgUt7uT1huV/view?usp=sharing,1,1,0,1,1,,,,,,1,1,1,,,,,,,,,,,,
Josie,Bailey,,Mercer Island Reporter,2024,Working towards justice for the missing and murdered in Washington,"Mercer Island, WA","Washington; Lummi Nation, WA; Seattle, WA; Yakima Nation, WA",Access World News,"November 28th, 2024",N/A,Newspaper,https://drive.google.com/file/d/1c8Z42JAHPP_HlD1uXIHLS3s90L8pGCO4/view?usp=sharing,1,1,1,1,1,,,,,,1,1,1,,,,,,,,,,,,
Northwest,,,Mercer Island Reporter,2022,Forum spotlights Washington's missing and murdered Indigenous people,"Mercer Island, WA","Washington; Kent, WA; La Grande, OR; Puyallup Tribe, WA",Access World News,"November 16th, 2022",N/A,Newspaper,https://drive.google.com/file/d/1hVHEC5sab2Po96MGRQ3EiOY-FwIuMNej/view?usp=sharing,1,1,1,1,1,,,,,,1,1,1,,,,,,,,,,,,
Northwest,,,Mercer Island Reporter,2022,No more stolen sisters: How WA is responding to missing and murdered Indigenous people,"Mercer Island, WA","Washington; Seattle, WA; King County, WA; Auburn, WA ",Access World News,"May 7th, 2022",N/A,Newspaper,https://drive.google.com/file/d/1OzvPvPwGPJCrA2KDGlMjGqv_C_Ab7CgK/view?usp=sharing,1,1,1,1,1,,,,,,1,1,1,,,,,,,,,,,,
Northwest,,,Mercer Island Reporter,2022,New alert system aims to bring home missing Indigenous people,"Mercer Island, WA","Washington; Tulalip, WA; Seattle, WA; Marysville, WA",Access World News,"April 12th, 2022",N/A,Newspaper,https://drive.google.com/file/d/1VIUjQDLF2XYb-d4khUmpN73XOoT9SYIz/view?usp=sharing,1,1,1,1,1,,,,,,1,1,1,,,,,,,,,,,,
Hellmann,Melissa,,Mercer Island Reporter,2019,Legislation targets missing and murdered Indigenous women epidemic,"Mercer Island, WA","Washington; Seattle, WA; Puyallup Tribe, WA; Spirit Lake Tribe, ND",Access World News,"February 8th, 2019",N/A,Newspaper,https://drive.google.com/file/d/1UBH0cGcaqqC5mXk-RwIP4u62bpL741M_/view?usp=sharing,1,1,1,1,1,,,,,,1,0,0,,,,,,,,,,,,
Hellmann,Melissa,,Mercer Island Reporter,2019,Washington Indigenous communities push for action to address violence against women,"Mercer Island, WA","Washington; Seattle, WA; Tulalip Reservation, WA; New Mexico",Access World News,"January 14th, 2019",N/A,Newspaper,https://drive.google.com/file/d/1YdCr-mBrrOJPlahApMV2MfGLJcDqh-6i/view?usp=sharing,1,1,1,1,1,,,,,,1,1,1,,,,,,,,,,,,
Wippel,Teresa,,MLTnews,2024,Red Garment Project' at Edmonds church spotlights missing and murdered Indigenous people,"Mountlake Terrace, WA","Edmonds, WA; Washington; Montana; Canada",Access World News,"May 10th, 2024",N/A,Web-Only Source,https://drive.google.com/file/d/1T18xzhUPnRCaqxA-JCkS3t65X13hWgU4/view?usp=sharing,1,1,1,1,1,,,,,,1,1,0,,,,,,,,,,,,
Wippel,Teresa,,MLTnews,2022,"Red Dress art installation focuses on missing, murdered Indigenous women","Mountlake Terrace, WA","Edmonds, WA; Washington; National",Access World News,"May 6th, 2022",N/A,Web-Only Source,https://drive.google.com/file/d/1YJPQRDBVoiE5wqchMg99EIgeZ5pCNF8e/view?usp=sharing,1,1,0,1,1,,,,,,1,0,0,,,,,,,,,,,,
Edmonds Community College,,,MLTnews,2019,Native dancers share traditions during 34th annual Edmonds CC powwow,"Mountlake Terrace, WA","Edmonds, WA; Salish Sea, WA/CAN; Washington",Access World News,"May 6th, 2019",N/A,Web-Only Source,https://drive.google.com/file/d/1oP2WyAENUers9o3iiT3Yk8OfYCyNqQmt/view?usp=sharing,0,0,0,0,1,,,,,,0,0,0,,,,,,,,,,,,
My Edmonds News,,,My Edmonds News,2024,Red Garment Project' at Edmonds church spotlights missing and murdered Indigenous people,"Edmonds, WA","Edmonds, WA; Washington; Montana; Canada",Access World News,"May 10th, 2024",N/A,Web-Only Source,https://drive.google.com/file/d/1h0j374ZqatNPbQvTFztxdP6FKhgELBj-/view?usp=sharing,1,1,1,1,1,,,,,,1,1,0,,,,,,,,,,,,
My Edmonds News,,,My Edmonds News,2023,"21st District legislators respond to questions on single-family housing, gun control and more at saturday town hall","Edmonds, WA","Edmonds, WA; Lynwood, WA; Seattle, WA; Olympia, WA; Washington",Access World News,"March 19th, 2023",N/A,Web-Only Source,https://drive.google.com/file/d/1dDHEFxhQQUgwbL5LKIb6ZqR2I5fgMbq-/view?usp=sharing,1,0,0,1,1,,,,,,0,0,0,,,,,,,,,,,,
My Edmonds News,,,My Edmonds News,2022,"Red Dress art installation focuses on missing, murdered Indigenous women","Edmonds, WA","Edmonds, WA; Washington; National",Access World News,"May 6th, 2022",N/A,Web-Only Source,https://drive.google.com/file/d/1h0j374ZqatNPbQvTFztxdP6FKhgELBj-/view?usp=sharing,1,1,1,1,1,,,,,,1,1,0,,,,,,,,,,,,
Wilkinson,Eric,,NBC - 5 King,2025,Boyfriend named 'person of interest' in case of missing Lummi women - Besalynn James was last seen with Terry Bowman who reported her missing on Jan 21.,"Seattle, WA","Lummi Nation, WA; Washington; Idaho",Access World News,"July 16th, 2025",N/A,Web-Only Source,https://drive.google.com/file/d/1r2i8inGcHDxNNJpq0BzbH1uFu4juAmlO/view?usp=sharing,1,0,1,1,0,,,,,,1,1,1,,,,,,,,,,,,
Balderas,Christian,,NBC - 5 King,2025,"Hundreds of Washington Native Americans gather to raise awareness for missing, murdered community memebers - Washington state is believed to have one of the highest numbers of missing and murdered Native Americans","Seattle, WA","Nisqually Reservationm, WA; Washington",Access World News,"May 5th, 2025",N/A,Web-Only Source,https://drive.google.com/file/d/1XxaXN7yWWwt1gJ3NrNXWQKsFFkR4REj_/view?usp=sharing,1,1,1,1,0,,,,,,0,1,0,,,,,,,,,,,,
King 5 Staff,,,NBC - 5 King,2023,"Man faces sentencing in murder of woman whose remains were found near UW campus - according to court documents, Charles Becker murdered the woman in his home then he stored her corpse "" for an extended amount of time"".","Seattle, WA","Seattle, WA; Washington; Confederated Tribes of Warm Springs, OR",Access World News,"June 30th, 2023",N/A,Web-Only Source,https://drive.google.com/file/d/1iGNonbXS6MW2EtjGOMXbKiuvP9x7aQqn/view?usp=sharing,1,0,1,1,0,,,,,,1,1,1,,,,,,,,,,,,
King 5 Staff,,,NBC - 5 King,2023,"Man sentanced to 34 years in prison for murdering woman whose remains were found near UW campus - according to court documents, Charles Becker murdered the woman in his home then he stored her corpse ""for an extended amount of time"".","Seattle, WA","Seattle, WA; Washington; Confederated Tribes of Warm Springs, OR",Access World News,"June 30th, 2023",N/A,Web-Only Source,https://drive.google.com/file/d/1xxiA_6BTkvDQ5u5cNeYgq9e0bCKzjByq/view?usp=sharing,1,0,1,1,0,,,,,,1,1,1,,,,,,,,,,,,
King 5 Staff,,,NBC - 5 King,2023,"Man pleads guilty to murder of woman whose remains were found near Burke-Gilman Trail in 2022 - Charles W. Becker, 32, pleaded guilty to murder, unlawful imprisonment and sexually violating human remains.","Seattle, WA","Seattle, WA; Washington; Confederated Tribes of Warm Springs, OR",Access World News,"June 22nd, 2023",N/A,Web-Only Source,https://drive.google.com/file/d/1m2F2g0jjgb1xSVWsioJTX1g4kPqv3qk0/view?usp=sharing,1,0,1,1,0,,,,,,1,1,1,,,,,,,,,,,,
Zucco,Erica,,NBC - 5 King,2023,"New Seattle university campaign hopes to help domestic violence, sexual assault survivors - For the first time, students, staff and community memebers can get help filing protection orders from the school's Family Law Center","Seattle, WA","Seattle, WA; Washington; San Francisco, CA",Access World News,"April 20th, 2023",N/A,Web-Only Source,https://drive.google.com/file/d/1JbXq0ywjEeZV_Z3FExnM8HcYKhOTynD7/view?usp=sharing,1,1,0,0,1,,,,,,0,0,0,,,,,,,,,,,,
Randhawa,PJ,,NBC - 5 King,2023,"Family searching for Kent woman who disapeared after haunting 911 call - for 14 years, a chilling 911 call and scream for help has haunted the family of missing mother Alyssa McLemore","Seattle, WA","Kent, WA; Washington; Aleut Tribe of Alaska; Lake Fenwick Park, WA",Access World News,"February 27th, 2023",N/A,Web-Only Source,https://drive.google.com/file/d/1ByLGqBpxMNS98wohgSFuJA_UjuyyTXK2/view?usp=sharing,1,1,1,1,1,,,,,,1,1,1,,,,,,,,,,,,
Randhawa,PJ,,NBC - 5 King,2023,They butchered him:' Shelton family find son's killer and dismembered remains after slow police response - never before heard 911 calls and body cam video show the family of Derrick Wily begging Shelton police to investigate his murder. Help came too late.,"Seattle, WA","Shelton, WA; Washington; Lake Isabella State Park, WA; Mason County, WA",Access World News,"February 15th, 2023",N/A,Web-Only Source,https://drive.google.com/file/d/1H4a5Qy0GfysJA55pFQsOh4V2KKdR2T1b/view?usp=sharing,1,1,1,1,1,,,,,,1,1,1,,,,,,,,,,,,
King 5 Staff,,,NBC - 5 King,2023,"Proposed cold case unit would target missing, murdered Indigenous cases - The unit would help local and tribal law enforcement solve MMIWP cold cases and include investigators and family liasions","Seattle, WA","Seattle, WA; Redmond, WA; Anacortes, WA; Washington",Access World News,"January 6th, 2023",N/A,Web-Only Source,https://drive.google.com/file/d/1WpsTVdroSEg-M_WrR00b8R2iJ6hI773L/view?usp=sharing,1,1,0,1,1,,,,,,1,0,0,,,,,,,,,,,,
King 5 Staff,,,NBC - 5 King,2022,"Trial date set in case involving woman's remains found near UW campus - Charles W. Becker, 32, pleaded not guilty to two charges, including first-degree murder, at his arraignment hearing Thursday.","Seattle, WA","Yakima Tribe, WA; Seattle, WA; Washington",Access World News,"October 20th, 2022",N/A,Web-Only Source,https://drive.google.com/file/d/1oad896OgPwwkOfSlMahb3_6274RG8-_P/view?usp=sharing,1,1,1,1,1,,,,,,1,1,1,,,,,,,,,,,,
King 5 Staff,,,NBC - 5 King,2022,"Police make arrest in connection to woman's body found near Burke-Gilman Trail - On Tuesday, Seattle police arrest a 32-year-old man after they connected him to DNA evidence found at the scene","Seattle, WA","Yakima Tribe, WA; Seattle, WA; Washington",Access World News,"October 6th, 2022",N/A,Web-Only Source,https://drive.google.com/file/d/1Wt0u4qA1V2EH65igs6kfVAqJoGLrWn47/view?usp=sharing,1,1,1,1,1,,,,,,1,1,1,,,,,,,,,,,,
King 5 Staff,,,NBC - 5 King,2022,"Suspect in case involving woman's remains found near UW campus charged - On Tuesday, Seattle police arrest a 32-year-old man after they connected him to DNA evidence found at the scene","Seattle, WA","Yakima Tribe, WA; Seattle, WA; Washington",Access World News,"October 6th, 2022",N/A,Web-Only Source,https://drive.google.com/file/d/1Y9FIZmIGtqaxA4Jrmr-DBEsn0aeVGVjY/view?usp=sharing,1,1,1,1,1,,,,,,1,1,1,,,,,,,,,,,,
King 5 Staff,,,NBC - 5 King,2022,"Body found near Burke-Gilman Trail was that of missing Ingenous woman, family says - Mavis Nelson's body was found in Kincaid ravine in June. ","Seattle, WA","Yakima Tribe, WA; Seattle, WA; Washington",Access World News,"August 3rd, 2022",N/A,Web-Only Source,https://drive.google.com/file/d/1RV7_80Yx4yJ3F4yOw-3bBA8foL3jc_6D/view?usp=sharing,1,1,1,1,1,,,,,,1,1,0,,,,,,,,,,,,
Randhawa,PJ,,NBC - 5 King,2022,Unsolved Indigemous murders get renewed attention in Washington - The Attorney Genral's Office has so far been able to identify 113unsolved murders involving Indigenous people and they want funding to re-open those cases.,"Seattle, WA","Seattle, WA; Washington; Port Gamble S'Klallam Reservation, WA",Access World News,"August 1st, 2022",N/A,Web-Only Source,https://drive.google.com/file/d/1m_9M_klKQE40PeRfNwv_JsFVs9gcz1n_/view?usp=sharing,1,1,1,1,1,,,,,,1,1,0,,,,,,,,,,,,
Zucco,Erica,,NBC - 5 King,2022,Missing Indigenous women advocate reunited with family - Friends of Hendrickson told KING 5 that she called authorities in the early morning hours Sunday and was reunited with her family. ,"Seattle, WA","Lynwood, WA; Washington",Access World News,"June 18th, 2022",N/A,Web-Only Source,https://drive.google.com/file/d/1RA2cTiN3p8kxZYOXhg5Y3Licmf32IL3u/view?usp=sharing,1,1,1,0,0,,,,,,1,1,0,,,,,,,,,,,,
Zucco,Erica ,,NBC - 5 King,2022,"Search underway for missing Indigenous women advocate - Friends and family say she is a dedicated advocate for preventing domestic violence and sexual assault, and supporting missing and murdered Indigenous women. ","Seattle, WA","Lynwood, WA; Arlington, WA; Everett, WA; Snohomish County, WA",Access World News,"June 18th, 2022",N/A,Web-Only Source,https://drive.google.com/file/d/1cBqBPLo_idFptVf1EmdI7iBorfqh-Zfb/view?usp=sharing,1,1,1,0,0,,,,,,1,1,1,,,,,,,,,,,,
Randhawa,PJ,,NBC - 5 King,2022,Report: Seattle police's 'racial misclassifications' hiding crisis for missing and Indigneous people - Seattle's city council passed resolution 31900 in 2019 to create a partnership between police and Seattle Indian Health Board's to improve data collection.,"Seattle, WA","Seattle, WA",Access World News,"May 19th, 2022",N/A,Web-Only Source,https://drive.google.com/file/d/1XsKKKuN73cnC9c4CtZV9WvtE4i_HNQNw/view?usp=sharing,1,0,0,1,1,,,,,,0,0,0,,,,,,,,,,,,
King 5 staff,,,NBC - 5 King,2022,5 things to know this Friday - Seattle primed for Russian spies; 8-year-old shoots 9-year-old; District commissioner found guilty; Police racial misclassifications; $10 gas prices.,"Seattle, WA","Seattle, WA; King County, WA; Federal Way, WA; Auburn, WA",Access World News,"May 6th, 2022",N/A,Web-Only Source,https://drive.google.com/file/d/1dw-u79apekYzvGiSA2N8Ocmt6D936eYb/view?usp=sharing,1,0,0,1,0,,,,,,0,0,0,,,,,,,,,,,,
Randhawa,PJ,,NBC - 5 King,2022,"Seattle hhas most missing, murdered Indigenous women and girls casses of US cities - The latest figures from Washington state patrol records show 126 Indigenous people in the state who arent accounted for. ","Seattle, WA","Seattle, WA; Tulalip Reservation, WA; Tacoma, WA; Pierce County, WA; Fife, WA; Parkland, WA",Access World News,"May 5th, 2022",N/A,Web-Only Source,https://drive.google.com/file/d/1Ol5z6hYONRHeq84eOcl57IuUtMuCeuZw/view?usp=sharing,1,1,1,1,0,,,,,,1,1,1,,,,,,,,,,,,
Toay,Adel,,NBC - 5 King,2022,"New statewide alert proposed for missing Indigenous women in Washington - House Bill 1725 would create an alert, similar to other missing person alerts, to help identify and locate missing Indigenous women.","Seattle, WA","Olympia, WA; Seattle, WA; Anacortes, WA",Access World News,"January 3rd, 2022",N/A,Web-Only Source,https://drive.google.com/file/d/1NT6DXhU1pXpVLJ3WnZp8zKp1uo5lx-aa/view?usp=sharing,1,1,1,1,1,,,,,,1,0,0,,,,,,,,,,,,
King 5 staff,,,NBC - 5 King,2021,"Abigail Echo-Hawk wants recognition for missing, murdered Indigenous women - The executive vice president of the Seattle Indian Health Board wants to see disparities between races and cultures erased.","Seattle, WA","Seattle, WA; Washington; Wyoming; Pacific Northwest",Access World News,"November 30th, 2021",N/A,Web-Only Source,https://drive.google.com/file/d/1PyTQv4sJgoHDMaEk2DFejtBXlP6HDgqF/view?usp=sharing,1,1,1,1,1,,,,,,1,1,1,,,,,,,,,,,,
Swaby,Natalie,,NBC - 5 King,2021,"Poor data, racism fueling crisis of missing and murdered Indigenous people, activists say - Grassroots groups are building a movement to solve the cases of missing and murdered Indigenous people in Washington","Seattle, WA","Yakima Nation/County, WA; Seattle, WA; Tulalip Reservation, WA; Washington; Oso, WA; Burien, WA; White Center, WA",Access World News,"July 19th, 2021",N/A,Web-Only Source,https://drive.google.com/file/d/1zfoU2FAw4YN76RrjVtLNPGnKqWy6vycN/view?usp=sharing,1,1,1,1,1,,,,,,1,1,1,,,,,,,,,,,,
Trau,Morgan,,NBC - 5 King,2021,"Deb Abrahamson, environmental activist on Spokane Reservation, dies at 66 - The Spokane tribe blames mining pollution and uranium contamination for the cancer that ultimately took Abrahamson's life. ","Seattle, WA","Spokane, WA; SPokane Reservation, WA; Navajo Nation; Standing Rock; Colville Indian Reservation, WA",Access World News,"January 3rd, 2021",N/A,Web-Only Source,https://drive.google.com/file/d/1wQXMCXJXTFnHhQkz5z56slguUUKmWUR4/view?usp=sharing,1,1,0,0,1,,,,,,1,1,0,,,,,,,,,,,,
KING STAFF,,,NBC - 5 King,2019,Seattle council passes legislation to improve data on missinf and murdered Indigenous women - The Seattle City Council passed a unanimous resolution to reduce the number of missing and murdered Indigenous women and girls. ,"Seattle, WA","Seattle, WA; Tacoma, WA; Washington",Access World News,"September 9th, 2019",N/A,Web-Only Source,https://drive.google.com/file/d/1fXZnUzhI7TiU8cKJaQT1QeySLjUpiV1m/view?usp=sharing,1,1,1,1,1,,,,,,1,0,0,,,,,,,,,,,,
Mikkelson,Drew,,NBC - 5 King,2019,Washington state alters approach to finding 56 missing Indigenous women - A Washington State Patrol study identified 56 missing Native American Women,"Seattle, WA","Olympia, WA; Kent, WA; Washington",Access World News,"June 5th, 2019",N/A,Web-Only Source,https://drive.google.com/file/d/1PsX1SPuwUeeB0fkHl1WbUL4Vn8Cv3V01/view?usp=sharing,1,0,1,1,1,,,,,,1,1,0,,,,,,,,,,,,
,,,The News Tribune (Tacoma),2025,Reports,"Tacoma, WA",Washington State,Access World News,"September 7th, 2025",1A,Newspaper-Image Edition,https://drive.google.com/file/d/1XT5wrQfOfZF9SC6NnrHTDd03nIir9FoO/view?usp=sharing,1,1,1,1,1,,,,,,1,1,1,,,,,,,,,,,,
Wiley,Hannah,,The News Tribune (Tacoma),2023,"After recent killings on California reservation, tribes ask for help to stem violence","Tacoma, WA","Covelo, CA; Humbolt County, CA; Pecwan, CA; Yurok Reservation; CA",Access World News,"May 14th, 2023",99,Newspaper-Image Edition,https://drive.google.com/file/d/14Ahoc83w1LczrRv9BbhqXSd4GR1nHthR/view?usp=sharing,1,1,1,1,1,,,,,,1,1,1,,,,,,,,,,,,
Wiley,Hannah,,The News Tribune (Tacoma),2023,Her mother disapeared. Then her babysitter. Alawman fears she might be next.,"Tacoma, WA","Covelo, CA; Humbolt County, CA; Pecwan, CA; Yurok Reservation; CA",Access World News,"March 19th, 2023",92,Newspaper-Image Edition,https://drive.google.com/file/d/1Ouuttx9c7exKPAXyBPcWBe7bohN2cvF3/view?usp=sharing,1,0,1,1,1,,,,,,1,1,0,,,,,,,,,,,,
,,,The News Tribune (Tacoma),2023,MISSING ,"Tacoma, WA","Trinidad, CA; Humbolt County, CA; Yurok Reservation, CA",Access World News,"March 19th, 2023",93,Newspaper-Image Edition,https://drive.google.com/file/d/12xSObRulhgPrEs5Xyo0G-REWiHhCpwE6/view?usp=sharing,1,1,1,1,1,,,,,,1,1,0,,,,,,,,,,,,
,,,The News Tribune (Tacoma),2022,WALK,"Tacoma, WA","National; Navajo Nation; Salt Lake City, UT; Arizona; New Mexico; Texas; Oklahoma; Washington; Missouri; West Virginia; Indianna; Virginia",Access World News,"October 14th, 2022",37,Newspaper-Image Edition,https://drive.google.com/file/d/1QA0CGG3HFZ8nJ9LMkxa30MLWMuN_34oM/view?usp=sharing,1,1,1,1,0,,,,,,1,1,0,,,,,,,,,,,,
Reese,Dianna,,The News Tribune (Tacoma),2022,"Navajo woman walks from Arizona to D.C. to spotlight her missing aunt, other victims","Tacoma, WA",Arizona; Washington D.C; Washington,Access World News,"October 14th, 2022",36,Newspaper-Image Edition,https://drive.google.com/file/d/1joqPm6GraLoXS4ullsrXRAYB7mWykJDE/view?usp=sharing,1,1,1,1,1,,,,,,1,1,0,,,,,,,,,,,,
Ayers,Tammy,,The News Tribune (Tacoma),2022,"Task force on missing Indigenous people stresses need for funding, family support","Tacoma, WA","Washington; Yakima Reservation, WA; ",Access World News,"September 20th, 2022",2,Newspaper-Image Edition,https://drive.google.com/file/d/1zp_JiT8pV6BKkNRRvW9whJBNXJN7ERTJ/view?usp=sharing,1,1,1,1,1,,,,,,1,1,1,,,,,,,,,,,,
,,,The News Tribune (Tacoma),2022,TASK FORCE ,"Tacoma, WA","Tulalip Reservation, WA; Puyallup Reservation, WA; Washington",Access World News,"August 3rd, 2022",5,Newspaper-Image Edition,https://drive.google.com/file/d/1vt2wu0pr03PSLqSni4TRaeqmMrOR2axB/view?usp=sharing,1,1,1,1,1,,,,,,1,1,0,,,,,,,,,,,,
Sailor,Craig,,The News Tribune (Tacoma),2022,"In The Spirit' show brings beauty, pain of Indigenous artists","Tacoma, WA","Puyallup Reservation, WA; Pierce County, WA; ",Access World News,"June 20th, 2022",2,Newspaper-Image Edition,https://drive.google.com/file/d/1v3P-ks0Opvl10PaXlmJiRyx_vhFApY68/view?usp=sharing,1,0,1,1,0,,,,,,1,1,1,,,,,,,,,,,,
Brennan,Natasha,,The News Tribune (Tacoma),2022,Stories Shared of missing and murdered Indigenous people,"Tacoma, WA","Seattle, WA; Tacoma, WA; Ferndale, WA; Burlington, WA; Washington",Access World News,"May 9th, 2022",3,Newspaper-Image Edition,https://drive.google.com/file/d/1XtZ_eNuE4d5KbFQ25p-6vaceiHyic6am/view?usp=sharing,1,1,1,1,1,,,,,,1,1,0,,,,,,,,,,,,
Brennan,Natasha ,,The News Tribune (Tacoma),2022,Someday they will come home. They wont be forgotton.' These are their names,"Tacoma, WA","Lummi Nation, WA; Bellingham, WA; Washington",Access World News,"May 8th, 2022",4,Newspaper-Image Edition,https://drive.google.com/file/d/11T31caZ6W7pUiRy4d6ljnH2eTs9ZrAwt/view?usp=sharing,1,1,1,1,1,,,,,,0,0,0,,,,,,,,,,,,
Sailor,Craig,,The News Tribune (Tacoma),2022,Pierce county executive dammeier says region awash with crime,"Tacoma, WA","Pierce County, Washington; Washington",Access World News,"April 22nd, 2022",2,Newspaper-Image Edition,https://drive.google.com/file/d/1YH1EmOBqsDKgeoPu04MTZlA64IZk_MMx/view?usp=sharing,1,0,0,1,1,,,,,,0,0,1,,,,,,,,,,,,
Hollander,Zaz,,The News Tribune (Tacoma),2022,More than 2 dozen Alaska places will get new names to erase derogatory word for Native women,"Tacoma, WA","Alaska, USA",Access World News,"March 26th, 2022",70,Newspaper-Image Edition,https://drive.google.com/file/d/1FQBX2jUAkmJ8XBnMJJA2x3gbcEzvKy6h/view?usp=sharing,1,1,0,1,1,,,,,,0,0,0,,,,,,,,,,,,
,,,The News Tribune (Tacoma),2022,BILL 1725,"Tacoma, WA","Seattle, WA; National; Washington; Yakima Nation, WA; Canada; ",Access World News,"January 4th, 2022",3,Newspaper-Image Edition,https://drive.google.com/file/d/1K7mIFXAgW2z8nSFgS7ObzipG6heM-4Kz/view?usp=sharing,1,1,1,1,1,,,,,,1,0,0,,,,,,,,,,,,
Brennan,Natasha,,The News Tribune (Tacoma),2021,"Missing, murdered Indigenous women task force announced ","Tacoma, WA","Washington; Yakima Nation, WA; Susquamish Tribe, WA; ",Access World News,"August 13th, 2021",2,Newspaper-Image Edition,https://drive.google.com/file/d/1bftvqWrG9lPx5Tc2HVEEpfnIoOGTQe-s/view?usp=sharing,1,1,0,1,1,,,,,,0,0,0,,,,,,,,,,,,
,,,The News Tribune (Tacoma),2021,EXHIBIT,"Tacoma, WA","Olympia, WA; Tacoma, WA; Spokane, WA",Access World News,"July 19th, 2021",4,Newspaper-Image Edition,https://drive.google.com/file/d/1V5egdgGejBJ1knfDS2sfl_tmjOfG4tkw/view?usp=sharing,1,0,1,1,1,,,,,,0,1,0,,,,,,,,,,,,
Fonseca,Felicia,Susan Montoya Bryan,The News Tribune (Tacoma),2021,"Families, advocates mark day of awarness for Native victims","Tacoma, WA","Albuquerque, NM; Washington; New Mexico; Canada",Access World News,"May 6th, 2021",25,Newspaper-Image Edition,https://drive.google.com/file/d/1CyZTR0X9u4oOSxOqrXyHQFTCOdbuF6Ty/view?usp=sharing,1,1,0,1,1,,,,,,1,0,0,,,,,,,,,,,,
Nowell,Cecelia,,The News Tribune (Tacoma),2021,Advocates: Interior program to fight 'crisis' of violence against Indigenous women,"Tacoma, WA","Canada; Vancouver, CAN; National",Access World News,"April 21st, 2021",36,Newspaper-Image Edition,https://drive.google.com/file/d/1nrEYBzU7kwtfQUVS4R4Kn4JFe1oUxwhn/view?usp=sharing,1,1,1,1,1,,,,,,1,1,0,,,,,,,,,,,,
Cary,Annette,,The News Tribune (Tacoma),2021,2nd gentleman Emhoff hears pleas to breach local dams,"Tacoma, WA","Toppenish, WA; Yakima Nation, WA; Washington; Washington D.C.; Idaho; ",Access World News,"April 2nd, 2021",2,Newspaper-Image Edition,https://drive.google.com/file/d/1bbaw7rqxHV43sYoOMnJ1pNg8ZnZPKJmD/view?usp=sharing,1,0,0,1,0,,,,,,0,0,0,,,,,,,,,,,,
Peterson,Josephine,,The News Tribune (Tacoma),2020,Nez Perce memeber to lead Indigenous security initiative,"Tacoma, WA","Seattle, WA; Washington; Alaska; Arizona; Montana; Oklahoma; Michigan; Utah; Nevada; Minnesota; New Mexico; Oregon; Pacific northwest; Nez Perce Tribe",Access World News,"November 16th, 2020",5,Newspaper-Image Edition,https://drive.google.com/file/d/1Q7vnYRA1lJkNFwNm_QMLGQ_C_Tq2Atie/view?usp=sharing,1,1,0,1,1,,,,,,0,0,0,,,,,,,,,,,,
Fonseca,Felicia,,The News Tribune (Tacoma),2020,Movement to highlight missing Native women expands to Native men,"Tacoma, WA","Tuba City, Arizona; Billings, Montana; National; Navajo Nation; ",Access World News,"January 28th, 2020",26,Newspaper-Image Edition,https://drive.google.com/file/d/1R3hJGnijlFO_Y5Arp8sj3yFVPssfRGB9/view?usp=sharing,1,1,1,1,1,,,,,,1,1,0,,,,,,,,,,,,
,,,The News Tribune (Tacoma),2020,CRISIS,"Tacoma, WA","National; Hardin, Montana; Big Horn County; Montana; South Dakota; Wyoming ",Access World News,"January 20th, 2020",18,Newspaper-Image Edition,https://drive.google.com/file/d/11yQHx3OXWzNzMInU8IZ_KOzLZxvvtYeD/view?usp=sharing,1,1,1,1,1,,,,,,1,1,1,,,,,,,,,,,,
Healy,Jack ,,The News Tribune (Tacoma),2019,A crisis of missing Native women - and a new one when theyre found,"Tacoma, WA","Gallup, NM; New Mexico; Navajo Nation; National; Yakima Reservation, WA; Washington; Toppenish, WA",Access World News,"December 25th, 2019",36,Newspaper-Image Edition,https://drive.google.com/file/d/18pRLK3bCs5kD266gJx3q0caxFp-8w9po/view?usp=sharing,1,1,1,1,1,,,,,,1,1,0,,,,,,,,,,,,
Sewell,Cynthia,,The News Tribune (Tacoma),2019,"Number of missing, killed Native women a crisis","Tacoma, WA","Boise, ID; National; Seattle, WA; Albuquerque, NM; Anchorage, AL; Tuscon, AZ; Billings, MT",Access World News,"December 15th, 2019",96,Newspaper-Image Edition,https://drive.google.com/file/d/12N04q3AGPiTBgy1w3AYGEVbmMMYcz3Cd/view?usp=sharing,1,1,1,1,1,,,,,,1,1,0,,,,,,,,,,,,
,,,The News Tribune (Tacoma),2019,INDIGENOUS,"Tacoma, WA",National,Access World News ,"December 15th, 2019",97,Newspaper-Image Edition,https://drive.google.com/file/d/1ntPQShZDUTuBb9mLhm6ZaJ9sBDB_TMnX/view?usp=sharing,1,1,1,1,1,,,,,,1,1,0,,,,,,,,,,,,
Kole,William,,The News Tribune (Tacoma),2019,No thanks: Native Americans to hold 50th gathering of grief.,"Tacoma, WA","Plymouth, Massachusetts; New England; ",Access World News,"November 2th, 2019",39,Newspaper-Image Edition,https://drive.google.com/file/d/10dirkRkkENo6MRnbkFxrQbTBjfQxZLBE/view?usp=sharing,1,1,0,0,0,,,,,,0,0,0,,,,,,,,,,,,
Balsamo,Michael,Felicia Fonseca,The News Tribune (Tacoma),2019,Attorney General Barr unveils plan on missing Native Americans,"Tacoma, WA","Pablo, MT; Flathhead Reservation, MT; Navajo Nation",Access World News,"November 23rd, 2019",27,Newspaper-Image Edition,https://drive.google.com/file/d/1wddIge3tYmmHnSCqm7eZKH9lblMJquqk/view?usp=sharing,1,1,0,1,1,,,,,,0,0,0,,,,,,,,,,,,
,,,The News Tribune (Tacoma),2019,MISSING,"Tacoma, WA",National,Access World News,"November 23rd, 2019",28,Newspaper-Image Edition,https://drive.google.com/file/d/1dHB8AbEBmlRCxLETyQnCBPzc0MBTTjcN/view?usp=sharing,1,1,1,1,1,,,,,,1,0,0,,,,,,,,,,,,
Shaffer,Josh,,The News Tribune (Tacoma),2019,Native American women can be 'easy prey' for violence - its a crisis in NC,"Tacoma, WA","Wilmington, NC; National; Rocky Mountains; ",Access World News,"September 9th, 2019",22,Newspaper-Image Edition,https://drive.google.com/file/d/1SFdbnf1LPYEZMTLpwpjFrAMEbFzVZ4_0/view?usp=sharing,1,1,1,1,0,,,,,,1,1,1,,,,,,,,,,,,
,,,The News Tribune (Tacoma),2019,UNSOLVED ,"Tacoma, WA","Chapell Hill, NC; Myrtle Beach, SC; Robeson County, NC",Access World News,"September 9th, 2019",23,Newspaper-Image Edition,https://drive.google.com/file/d/1UvmOKLdHjJVJLxfHzHtNEkVr9-Mm7UU-/view?usp=sharing,1,1,1,1,0,,,,,,1,1,1,,,,,,,,,,,,
The Seattle Times,,,The News Tribune (Tacoma),2019,Missing and Murdered indigenous women,"Tacoma, WA","Cheney, WA; Washington; National",Access World News,"June 19th, 2019",7,Newspaper-Image Edition,https://drive.google.com/file/d/1WeZnY-FwwYH_mVZSUlG_V9jOym7TyUvL/view?usp=sharing,1,1,0,1,1,,,,,,0,1,0,,,,,,,,,,,,
Editorial Board of the Columbian,,,The News Tribune (Tacoma),2019,"Native American women deserve action, justice","Tacoma, WA","Vancouver, WA; Washington; Yakima, WA; North dakota; ",Access World News,"June 14th, 2019",51,Newspaper-Image Edition,https://drive.google.com/file/d/1XQaTN0F05Lz0keg86w4ZCjKhMVYnSx_7/view?usp=sharing,1,0,0,1,1,,,,,,1,0,0,,,,,,,,,,,,
The Columbian,,,The News Tribune (Tacoma),2019,Native women deserve action at last,"Tacoma, WA","Vancouver, WA; Washington;",Access World News,"June 14th, 2019",7,Newspaper-Image Edition,https://drive.google.com/file/d/1PxRyw2XOJlCw1MLO-KGSVHIxwAKE7Mtp/view?usp=sharing,1,1,1,1,1,,,,,,0,0,0,,,,,,,,,,,,
Austen,Ian,,The News Tribune (Tacoma),2019,"Killings of hundreds of Indigenous Women, giels labeled genocide in Canadian report","Tacoma, WA","Quebec, CAN; Canada; Ottowa, CAN",Access World News,"June 4th, 2019",33,Newspaper-Image Edition,https://drive.google.com/file/d/1QRmEOnInPNe52B5CiNVdEhmyrS4u4gZM/view?usp=sharing,1,1,1,1,1,,,,,,1,1,1,,,,,,,,,,,,
Associated Press,,,The News Tribune (Tacoma),2019,Missing Indigenous women spotlighted as bill signed,"Tacoma, WA",Olympia WA,Access World News,"April 28th, 2019",4,Newspaper-Image Edition,https://drive.google.com/file/d/1cuPXSNSMnMRmLfmg_6rMhgIPJX4SFH3V/view?usp=sharing,1,0,0,1,1,,,,,,1,0,0,,,,,,,,,,,,
Hassanein,Nada,,The News Tribune (Tacoma),2022,Native domestic violence is focus of new survey,"Tacoma, WA","Pawnee Nation, OK; Hawaii, National",Access World News,"November 12th, 2025",8,Newspaper-Image Edition,https://drive.google.com/file/d/16ihRvHt-hHzoyuuTMgyT2_LBXsX26q9i/view?usp=sharing,1,1,1,1,1,,,,,,1,1,1,,,,,,,,,,,,
Hudetz,Mary,,The News Tribune (Tacoma),2019,"States weigh bills addressing Native deaths, disapearances","Tacoma, WA","Minnesota, South Dakota, North Dakota, Washington, New Mexico, and Arizona",Access World News,"February 15th, 2019",6,Newspaper-Image Edition,https://drive.google.com/file/d/19fwWO_TknisrFiJhwVk6SoJ-Z1AXWsWH/view?usp=sharing,1,1,1,1,1,,,,,,1,1,1,,,,,,,,,,,,
Schor,Elana,,The News Tribune (Tacoma),2019,Warren Urges 'action' at meeting with Native American Women,"Tacoma, WA","Cedar Rapids, Iowa",Access World News,"February 13th, 2019",28,Newspaper-Image Edition,https://drive.google.com/file/d/1nfvHS8vWGzNdZen0VJvBD5acFUQ66V_g/view?usp=sharing,1,1,1,1,1,,,,,,0,0,0,,,,,,,,,,,,
The News Tribune Editorial Board ,,,The News Tribune (Tacoma),2018,Stop delaying justice for missing women ,"Tacoma, WA",Washington,Access World News,"December 20th, 2018",7,Newspaper-Image Edition,https://drive.google.com/file/d/1A9dKbUtxMjnkf2F5IO5HAk8gC3b-lUx5/view?usp=sharing,1,0,1,1,1,,,,,,1,1,1,,,,,,,,,,,,
Sailor,Craig,,The News Tribune (Tacoma),2018,"Tacoma ranks high in missing, murdered Indigenous women","Tacoma, WA","Tacoma, WA",Access World News,"November 16th, 2018",1,Newspaper-Image Edition,https://drive.google.com/file/d/1fX-HKzIh7BSHLkCfU_lkO8mfyAKkFRjx/view?usp=sharing,1,0,1,1,0,,,,,,1,1,1,,,,,,,,,,,,
,,,The News Tribune (Tacoma),2018,Families ,"Tacoma, WA",Montana,Access World News,"September 5th, 2018",20,Newspaper-Image Edition,https://drive.google.com/file/d/1OVWt5_DmT_eWiMaXnMyrk-xD-7hk1f9S/view?usp=sharing,1,1,1,1,1,,,,,,1,1,1,,,,,,,,,,,,
Davila,Vianna,,The News Tribune (Tacoma),2018,Native American Women report high rates of sexual assault,"Tacoma, WA",USA,Access World News,"August 26th, 2018",25,Newspaper-Image Edition,https://drive.google.com/file/d/10iUA19hatqG1bBFnrQI6UQWGzaOikQuR/view?usp=sharing,1,1,0,1,0,,,,,,1,1,0,,,,,,,,,,,,
,,,The News Tribune (Tacoma),2018,Assault,"Tacoma, WA","King County, WA",Access World News,"August 25th, 2018",29,Newspaper-Image Edition,https://drive.google.com/file/d/1ZdlN2gAB_TPRIoUY6l9V_JziHz8cC8ZJ/view?usp=sharing,1,1,1,1,0,,,,,,1,1,1,,,,,,,,,,,,
Hassanein,Nada,,The News Tribune Today’s Edition ,2025,Native domestic violence is focus of new survey,"Tacoma, WA",USA,Access World News,"November 12th, 2025",265,Newspaper-Image Edition,https://drive.google.com/file/d/1ybHd75ycP0dAQG6jffQAkBf3vi9mvb3y/view?usp=sharing,1,1,1,1,1,,,,,,1,1,1,,,,,,,,,,,,
Hassanein,Nada,,The News Tribune Today’s Edition ,2025,Domestic violence in Native communities is focus of new survey,"Tacoma, WA","Wisconsin, USA",Access World News,"November 10th, 2025",56,Newspaper-Image Edition,https://drive.google.com/file/d/1L4xxkhTlcKKEXRpb-QUw4jmThN0KI0G9/view?usp=sharing,1,0,0,1,1,,,,,,0,1,1,,,,,,,,,,,,
,,,The News Tribune Today’s Edition ,2025,Reports,"Tacoma, WA",Washington,Access World News,"September 7th, 2025",224,Newspaper-Image Edition,https://drive.google.com/file/d/17WyY_Sw5UaoJ_7sErQcdKSl7Q8dTmlt5/view?usp=sharing,1,1,1,1,1,,,,,,1,1,0,,,,,,,,,,,,
Carter,SImone,,The News Tribune Today’s Edition ,2025,WA Senate honors missing & murdered Indigenous women,"Tacoma, WA",Washington,Access World News,"April 16th, 2025",28,Newspaper-Image Edition,https://drive.google.com/file/d/1AxffSvh4-nJqRF-I5xoJgMG59yfeLmMx/view?usp=sharing,1,1,0,1,1,,,,,,1,0,0,,,,,,,,,,,,
Charles,Sephora,The News Tribune,The News Tribune: Web Edition Articles,2025,"1,648 missing Indigenous person reports in 20 years in Pierce Co. What's being done?","Tacoma, WA","Pierce County, WA",Access World News,"September 2nd, 2025",N/A,Web-Only Source,https://drive.google.com/file/d/1G7iyKSIlw5Ik2C2yuqCJYBCGFpJ8XidC/view?usp=sharing,1,1,1,1,1,,,,,,1,1,1,,,,,,,,,,,,
Charles,Sephora ,The News Tribune,The News Tribune: Web Edition Articles,2025,"1,648 missing Indigenous person reports in 20 years in Pierce Co. Whats's being done?","Tacoma, WA","Pierce County, WA",Access World News,"August 29th, 2025",N/A,Web-Only Source,https://drive.google.com/file/d/1Peyyd99oxpPMd2sik1RJV61hcAHrQV1i/view?usp=sharing,1,1,1,1,1,,,,,,1,1,1,,,,,,,,,,,,
Busanti,Puneet,The News tribune,The News Tribune: Web Edition Articles,2025,Can AG's office solve the case of Lakewood girl found dead nearly 20 years ago?,"Tacoma, WA","Lakewood, WA",Access World News,"April 6th, 2025",N/A,Web-Only Source,https://drive.google.com/file/d/1yIdIbLAZL91JfHPNIRYizYPQHOWVBdcZ/view?usp=sharing,1,1,1,1,1,,,,,,1,1,0,,,,,,,,,,,,
Daniella,Segura,The News tribune,The News Tribune: Web Edition Articles,2023,"Remains identified as woman who vanished 36 years ago, Washington officials say","Tacoma, WA",Washington,Access World News,"January 4th, 2023",N/A,Web-Only Source,https://drive.google.com/file/d/1FXMMWfLcJDgDQdek-CplLIatxtta0dtN/view?usp=sharing,1,0,1,1,0,,,,,,1,1,0,,,,,,,,,,,,
Brennan,Natasha ,The News Tribune,The News Tribune: Web Edition Articles,2022,Survivors and families share stories at gathering for missing and murdered Indigenous people,"Tacoma, WA","Seattle, WA",Access World News,"May 8th, 2022",N/A,Web-Only Source,https://drive.google.com/file/d/1FXMMWfLcJDgDQdek-CplLIatxtta0dtN/view?usp=sharing,1,0,1,1,0,,,,,,1,1,0,,,,,,,,,,,,
Brennan,Natasha ,The News Tribune,The News tribune: Web Edition Articles,2022,Someday they will come home. They wont be forgotton.' These are their names,"Tacoma, WA","Lummi Nation Reservation, Washington",Access World News,"May 6th, 2022",N/A,Web-Only Source,https://drive.google.com/file/d/1hmd8MfC5rNTMa3O6_VvrX7dqd7EmHOlH/view?usp=sharing,1,1,1,1,1,,,,,,0,0,0,,,,,,,,,,,,
Sailor,Craig,The News Tribune,The News tribune: Web Edition Articles,2022,We've got an epidemic of lawlessness' Pierce county execuative says in address,"Tacoma, WA","Pierce County, WA",Access World News,"April 20th, 2022",N/A,Web-Only Source,https://drive.google.com/file/d/1e3ThDJwt9447iDCKZxuwYOPqUTU52nSd/view?usp=sharing,1,0,0,1,0,,,,,,0,0,0,,,,,,,,,,,,
Brennan,Natasha ,The News Tribune,The News tribune: Web Edition Articles,2022,Country's first alert system for missing and murdered Indigenous people Proposed in WA,"Tacoma, WA",Washington,Access World News,"January 3rd, 2022",N/A,Web-Only Source,https://drive.google.com/file/d/1ntufw46XA13gy0gNMKLvSO8Qckq6IJ9a/view?usp=sharing,1,1,0,1,1,,,,,,1,0,0,,,,,,,,,,,,
Brennan,Natasha ,The News Tribune,The News tribune: Web Edition Articles,2021,Washington takes this step in missing and murdered Indigenous women and people task force,"Tacoma, WA",Washington,Access World News,12-Aug-21,N/A,Web-Only Source,https://drive.google.com/file/d/1HGcXU63Wg18TKvf80eGz0DT0Gj32DJhR/view?usp=sharing,1,1,0,1,1,,,,,,1,0,0,,,,,,,,,,,,
The News Tribune Editorial Board,,,The News tribune: Web Edition Articles,2018,"Families of missing, murdered Native women have waited too long already. pass this bill.","Tacoma, WA",Washington,Access World News,"December 19th, 2018",N/A,Web-Only Source,https://drive.google.com/file/d/18A86WkTvdr1NpfOmXEanMpdyZNEW7Y9y/view?usp=sharing,1,1,1,1,1,,,,,,1,1,1,,,,,,,,,,,,
Sailor,Craig,The News Tribune,The News tribune: Web Edition Articles,2018,"Tacoma has high number of missing and murdered Native American women, Report says","Tacoma, WA","Tacoma, WA",Access World News,"November 14th, 2018",N/A,Web-Only Source,https://drive.google.com/file/d/1QFtWCO0mvgMpuitCJIwInnR_YqdO8QYo/view?usp=sharing,1,1,1,1,1,,,,,,1,1,1,,,,,,,,,,,,
,,,,,,,,,,,,,,,,,,,,,,,,,,,,,,,,,,,,,
,,,,,,,,,,,,,,,,,,,,,,,,,,,,,,,,,,,,,
,,,,,,,,,,,,,,,,,,,,,,,,,,,,,,,,,,,,,
,,,,,,,,,,,,,,,,,,,,,,,,,,,,,,,,,,,,,
,,,,,,,,,,,,,,,,,,,,,,,,,,,,,,,,,,,,,
,,,,,,,,,,,,,,,,,,,,,,,,,,,,,,,,,,,,,
,,,,,,,,,,,,,,,,,,,,,,,,,,,,,,,,,,,,,
,,,,,,,,,,,,,,,,,,,,,,,,,,,,,,,,,,,,,
JAKE,,,,,,,,,,,,,,,,,,,,,,,,,,,,,,,,,,,,,
Charles, Sephora,,The Tacoma News Tribune,2025,"1,648 missing Indigenous person reports: What's being done?","Tacoma, Pierce County, Washington","Tacoma, Pierce County, Washington
La Grande, Union County, Oregon
Lakewood, Pierce County, Washington
Puyallup, Pierce County, Washington
",Access World News,7-Sep-25,(N/A),Newspaper,https://drive.google.com/file/d/10U2eX8aKR3mRmEFIqHrR5OTQFZN9lkRB/view?usp=sharing,1,1,1,1,1,,,,,,1,1,1,,,,,,,,,,,,
Brennan, Natasha ,,The Tacoma News Tribune,2022,Stories shared of missing and murdered Indigenous people,"Tacoma, Pierce County, Washington","Toppenish, Yakima County, Washington",Access World News,9-May-22,(N/A),Newspaper,https://drive.google.com/file/d/1caATW9HIeB0TwhV0tC2mZrCb86WOlT49/view?usp=drive_link,1,1,1,1,1,,,,,,1,1,0,,,,,,,,,,,,
Brennan,Natasha ,,The Tacoma News Tribune,2022,Someday they will come home. They won't be forgotten.' These are their names,"Tacoma, Pierce County, Washington",Washington,Access World News,8-May-22,(N/A),Newspaper,https://drive.google.com/file/d/17u3dMsTorY9aIzSTDFajATYqlMPmUTCR/view?usp=drive_link,1,1,1,1,1,,,,,,0,0,0,,,,,,,,,,,,
Brennan,Natasha ,,The Tacoma News Tribune,2022,State bill would create alerts for missing Indigenous women,"Tacoma, Pierce County, Washington",Washington,Access World News,4-Jan-22,(N/A),Newspaper,https://drive.google.com/file/d/1NvCmtBNfN8FKBKt-fzOM8Er5GCLbIS0m/view?usp=drive_link,1,1,0,1,1,,,,,,1,0,0,,,,,,,,,,,,
The News Tribune Editorial Board ,,,The Tacoma News Tribune,2018,Our View: Stop delaying justice for missing women,"Tacoma, Pierce County, Washington","Tacoma, Pierce County, Washington 
Fargo, Cass County, North Dakota

",Access World News,20-Dec-18,(N/A),Newspaper,https://drive.google.com/file/d/1UaqkzHXdPnaIQw7PRqHpdnrRaNwBlTpZ/view?usp=drive_link,1,1,1,1,1,,,,,,1,1,1,,,,,,,,,,,,
Sailor,Craig,,The Tacoma News Tribune,2018,"Tacoma ranks high in missing, - murdered indigenous women","Tacoma, Pierce County, Washington","Tacoma, Pierce County, Washington",Access World News,16-Nov-18,(N/A),Newspaper,https://drive.google.com/file/d/1JCKJKzxMP-80_mZn5_JKJCxaaKWbasNs/view?usp=drive_link,1,1,1,1,1,,,,,,1,1,1,,,,,,,,,,,,
Grayson,Hasani ,,The Vidette(2007-2020),2019,House members propose task force on missing and murdered indigenous women,"Montesano, Grays Harbor County, Washington",Washington,Access World News,15-Feb-19,(N/A),Newspaper,https://drive.google.com/file/d/1mKfqOQCZD60qZgb8l-nogzK2tOKdIoo7/view?usp=drive_link,1,1,0,1,1,,,,,,1,0,0,,,,,,,,,,,,
Ayer,Tammy,,"Tri-City Herald (2006-2025)
",2019,Newhouse urges action on missing and murdered indigenous women,"Kennewick, Benton County, Washington","Toppenish, Yakima County, Washington",Access World News,20-Jul-19,(N/A),Newspaper,https://drive.google.com/file/d/1Y0TY1ieqHygYIGSkmhuevUhW1RbN8d23/view?usp=drive_link,1,1,1,1,1,,,,,,1,1,0,,,,,,,,,,,,
Hudetz,Mary,,"Tri-City Herald (2006-2025)
",2019,"States weigh bills addressing deaths, disappearances of Native Americans","Kennewick, Benton County, Washington","Albuquerque, Bernalillo County, New Mexico  
Northern Cheyenne Reservation, Rosebud County, Montana
Lame Deer ,Rosebud County, Montana",Access World News,17-Feb-19,(N/A),Newspaper,https://drive.google.com/file/d/1Kl3Z0d0Fyu1PJZHDQKW04E-LG9T8lJyI/view?usp=drive_link,1,1,1,1,1,,,,,,1,1,0,,,,,,,,,,,,
Cohen,Sharon,,"Tri-City Herald (2006-2025)
",2018,Families of missing or murdered Native American women won't give up,"Kennewick, Benton County, Washington","Valier, Pondera County, Montana",Access World News,6-Sep-18,(N/A),Newspaper,https://drive.google.com/file/d/1zlmQ0n7NOg18LKuX1LHPinFTzpSVmj1a/view?usp=drive_link,1,1,1,1,1,,,,,,1,1,1,,,,,,,,,,,,
Levin,Dan,,"Tri-City Herald (2006-2025)
",2016,A killer in Canada - Calls for justice along Highway of Tears,"Kennewick, Benton County, Washington","Smithers, Bulkley-Nechako Regional District ,British Columbia, Canada",Access World News,29-May-16,(N/A),Newspaper,https://drive.google.com/file/d/1CpXyOembzepwXKKycki16_OjizuczA6Q/view?usp=drive_link,1,1,1,1,1,,,,,,1,1,0,,,,,,,,,,,,
Macdonald,Moira ,,"Tri-City Herald (2019-2025)
",2024,Missing from Fire Trail Road’ focuses on missing Indigenous women,"Kennewick, Benton County, Washington","Tulalip, Snohomish County, Washington",Access World News,1-Dec-24,35,"Newspaper, Newspaper-Image Edition",https://drive.google.com/file/d/1PeW_cIQLEIFGglHaU6-gIylKZ_E2TOsW/view?usp=drive_link,1,1,1,1,1,,,,,,1,1,0,,,,,,,,,,,,
Wiley,Hannah ,,Tri-City Herald (2019-2025),2023,"After recent killings on California reservation, tribes ask for help to stem violence","Kennewick, Benton County, Washington","Siskiyou County, California
Round Valley Indian Reservation, Mendocino County, California
",Access World News,14-May-23,60,Newspaper-Image Edition,https://drive.google.com/file/d/18CUyuU4usDbefTsiqXf0I3UtwNXzp0d2/view?usp=drive_link,1,1,1,1,1,,,,,,1,1,1,,,,,,,,,,,,
Wiley,Hannah ,,Tri-City Herald (2019-2025),2023,Her mother disappeared. Then her babysitter. A lawman fears she might be next.,"Kennewick, Benton County, Washington","Pecwan, Humboldt County, California
Hoopa Valley Reservation, Humboldt County, California",Access World News,19-Mar-23,45-46,Newspaper-Image Edition,https://drive.google.com/file/d/1uPWvdkKrOa_YVY3f898sUxBNGn5hX4ql/view?usp=drive_link,1,1,1,1,1,,,,,,1,1,0,,,,,,,,,,,,
Reese,Nina ,,Tri-City Herald (2019-2025),2022,"Navajo woman walks from Arizona to D.C. to spotlight her missing aunt, other victims","Kennewick, Benton County, Washington","Navajo Nation, Apache County, Arizona",Access World News,14-Oct-22,27-28,Newspaper-Image Edition,https://drive.google.com/file/d/1Lpc-KvlHAL7T--DgohGS_vzTsxWzurwl/view?usp=drive_link,1,1,1,1,1,,,,,,1,1,0,,,,,,,,,,,,
Brennan,Natasha,,Tri-City Herald (2019-2025),2022,Stories shared of missing and murdered Indigenous people,"Kennewick, Benton County, Washington","Toppenish, Yakima County, Washington
Yakama Reservation, Yakima County, Washington",Access World News,9-May-22,2,Newspaper-Image Edition,https://drive.google.com/file/d/1k5ua2jDaJBA-hYK3C-dlczqQMosEuhzl/view?usp=drive_link,1,1,1,1,1,,,,,,1,1,0,,,,,,,,,,,,
Healy,Jack,,Tri-City Herald (2019-2025),2020,Crisis boils over as 28th Native woman vanishes,"Kennewick, Benton County, Washington","Hardin, Big Horn County, Montana",Access World News,20-Jan-20,13-14,Newspaper-Image Edition,https://drive.google.com/file/d/1Of7NucbI3aixIl9PrnD6IBHePRZihgJd/view?usp=drive_link,1,1,1,1,1,,,,,,1,1,1,,,,,,,,,,,,
Shaffer,Josh ,,Tri-City Herald (2019-2025),2019,Native American women can be easy prey for violence — it’s a crisis in NC,"Kennewick, Benton County, Washington","Chapel Hill, Orange County, North Carolina
Lumberton, Robeson County, North Carolina",Access World News,9-Sep-19,20-21,Newspaper-Image Edition,https://drive.google.com/file/d/1YMgcAJFlcPuNlktCwxTooYv_us-x4GYg/view?usp=drive_link,1,1,1,1,0,,,,,,1,1,1,,,,,,,,,,,,
Charles,Sephora ,,"Tri-City Herald Today’s Edition (2024-2025)
",2025,Thousands of Indigenous families seek answers about missing loved ones in Washington state,"Kennewick, Benton County, Washington","Tacoma, Pierce County, Washington
Pierce County, Washington
La Grande, Union County, Oregon
",Access World News,13-Sep-25,103-104,Newspaper-Image Edition,https://drive.google.com/file/d/14lsTHnAl9Bs8qxkr92HR-JewatiOjK3K/view?usp=drive_link,1,0,1,1,1,,,,,,1,1,0,,,,,,,,,,,,
Ryder-Marks,Mia,,"Tri-City Herald Today’s Edition (2024-2025)
",2024,Washington is 2nd in the US for missing and murdered Indigenous women; have recent efforts made headway?,"Kennewick, Benton County, Washington","Tacoma, Pierce County, Washington
",Access World News,20-May-24,20-21,Newspaper-Image Edition,https://drive.google.com/file/d/1yg9IxGGIxwbQwhnN_KfiivUn9ItiGvpW/view?usp=drive_link,1,1,1,1,1,,,,,,1,1,0,,,,,,,,,,,,
N/A,N/A,,Redmond Reporter (2008-2025),2023,"While many were found, work remains to protect Indigenous people","Redmond, King County, Washington","Seattle, King County, Washington
Auburn, King County, Washington
Renton, King County, Washington
Kent, King County, Washington
",Access World News,15-Jan-23,N/A,Newspaper,https://drive.google.com/file/d/1p_Z2CE6TeHly4lI_ihiVWTV7EeharKZr/view?usp=drive_link,1,1,1,1,1,,,,,,1,1,0,,,,,,,,,,,,
N/A,N/A,,Redmond Reporter (2008-2025),2022,Forum spotlights Washington's missing and murdered Indigenous people,"Redmond, King County, Washington","La Grande, Union County, Oregon
Kent, King County, Washington",Access World News,16-Nov-22,N/A,Newspaper,https://drive.google.com/file/d/1HcdDru0CQEZV_zaIKh6ytZd2wgmQZue0/view?usp=drive_link,1,1,1,1,1,,,,,,1,1,1,,,,,,,,,,,,
Hellmann,Melissa ,,Redmond Reporter (2008-2025),2019,Washington indigenous communities push for action to address violence against women,"Redmond, King County, Washington","Port Angeles, Clallam County, Washington
Auburn, King County, Washington
La Grande, Union County, Oregon
",Access World News,14-Jan-19,N/A,Newspaper,https://drive.google.com/file/d/1_FycqBXCW0INaKJ70eMTJWUAoM-mK0Px/view?usp=drive_link,1,1,1,1,1,,,,,,1,1,1,,,,,,,,,,,,
Josie,Bailey ,,Renton Reporter (2008-2025),2024,Working toward justice for the missing and murdered in Washington,"Renton, King County, Washington
","Kent, King County, Washington
Yakama Nation, Yakima County, Washington",Access World News,28-Nov-24,N/A,Newspaper,https://drive.google.com/file/d/1Omw6oiS-jNAZeuEHjXH3QccBEHtT0qoL/view?usp=drive_link,1,1,1,1,1,,,,,,1,1,1,,,,,,,,,,,,
N/A,N/A,,Renton Reporter (2008-2025),2022,"The land cries out': Family members of missing, murdered Indigenous people share stories","Renton, King County, Washington
","Wapato, Yakima County, Washington",Access World News,26-Dec-22,N/A,Newspaper,https://drive.google.com/file/d/1Omw6oiS-jNAZeuEHjXH3QccBEHtT0qoL/view?usp=drive_link,1,1,1,1,1,,,,,,1,1,1,,,,,,,,,,,,
N/A,N/A,,Renton Reporter (2008-2025),2022,Forum spotlights Washington's missing and murdered Indigenous people,"Renton, King County, Washington
","La Grande, Union County, Oregon",Access World News,16-Nov-22,N/A,Newspaper,https://drive.google.com/file/d/1Efg7LgtGlNkej8kYXEGJQv3IkKP9SoeL/view?usp=drive_link,1,1,1,1,1,,,,,,1,1,1,,,,,,,,,,,,
N/A,N/A,,Renton Reporter (2008-2025),2022,"PNW True Crime Fest rallies a spooky, thoughtful community","Renton, King County, Washington
","Auburn, King County, Washington",Access World News,20-Oct-22,N/A,Newspaper,https://drive.google.com/file/d/18twSqp3Ips2-Aa6fkL9etNqao7OCyjmu/view?usp=drive_link,1,0,1,1,0,,,,,,0,1,1,,,,,,,,,,,,
Breda,Isabella,,Renton Reporter (2008-2025),2022,New alert system aims to bring home missing Indigenous people,"Renton, King County, Washington
","Marysville, Snohomish County, Washington
Tulalip, Snohomish County, Washington
San Juan, Hidalgo County, Texas
",Access World News,12-Apr-22,N/A,Newspaper,https://drive.google.com/file/d/1epZ4iD3sJvC6_YcZPukxJEgO0uSI_2ff/view?usp=drive_link,1,1,1,1,1,,,,,,1,1,1,,,,,,,,,,,,
Nash,Matthew,,Sequim Gazette (2008-2025),2025,Police chief: Claplanhoo homicide probe ongoing,"Sequim, Clallam County, Washington","Sequim, Clallam County, Washington",Access World News,29-Jan-25,N/A,Newspaper,https://drive.google.com/file/d/1yijP_O3PqF9NTVzaShnHYDoIazms6DFO/view?usp=drive_link,1,1,1,1,1,,,,,,1,1,0,,,,,,,,,,,,
Sussman,Elijah ,,Sequim Gazette (2008-2025),2024,"A call for change: Family, advocates, lawmakers take on MMIWP epidemic","Sequim, Clallam County, Washington","Sequim, Clallam County, Washington",Access World News,19-Jun-24,N/A,Newspaper,https://drive.google.com/file/d/1yijP_O3PqF9NTVzaShnHYDoIazms6DFO/view?usp=drive_link,1,1,1,1,1,,,,,,1,1,0,,,,,,,,,,,,
N/A,N/A,,Sequim Gazette (2008-2025),2023,Police narrow search for Claplanhoo killer with DNA results,"Sequim, Clallam County, Washington","Sequim, Clallam County, Washington",Access World News,25-Jan-23,N/A,Newspaper,https://drive.google.com/file/d/1lM-LkpeCLxNBgbNcpqJV6d4dMUp44Nno/view?usp=drive_link,1,1,1,1,0,,,,,,1,1,1,,,,,,,,,,,,
Martinez,Cameron,,Skagit Valley Herald (2005-2025),2025,Issue related to Indigenous people brought to forefront,"Mount Vernon, Skagit County, Washington","Samish Indian Nation, Whatcom County, Washington",Access World News,1-May-25,N/A,Newspaper,https://drive.google.com/file/d/1DrW22eSKP-hzFSrosvUVwnBRW_dMizlD/view?usp=drive_link,1,1,1,1,1,,,,,,1,0,0,,,,,,,,,,,,
Allen,Leah,,Skagit Valley Herald (2005-2025),2018,Samish Indian Nation hosts vigil - Event remembers missing and murdered indigenous women,"Mount Vernon, Skagit County, Washington","Bellingham, Whatcom County, Washington
Anacortes, Skagit County, Washington
Lacey, Thurston County, Washington
Albuquerque, Bernalillo County, New Mexico
",Access World News,23-Aug-18,N/A,Newspaper,https://drive.google.com/file/d/1GbU3OsUJiP0UGOJnOEm2c-OQGSZDZlT4/view?usp=drive_link,1,1,1,1,1,,,,,,1,1,0,,,,,,,,,,,,
N/A,N/A,,Snoqualmie Valley Record (1999-2025),2022,Forum spotlights Washington's missing and murdered Indigenous people,"Snoqualmie, King County, Washington","La Grande, Union County, Oregon
Kent, King County, Washington",Access World News,16-Nov-22,N/A,Newspaper,https://drive.google.com/file/d/1LOs6MOA8T7ABbndpjOcSM_MiR60q85D3/view?usp=drive_link,1,1,1,1,1,,,,,,1,1,1,,,,,,,,,,,,
N/A,N/A,,Snoqualmie Valley Record (1999-2025),2022,No more stolen sisters: How WA is responding to missing and murdered Indigenous people,"Snoqualmie, King County, Washington","Seattle, King County, Washington
Auburn, King County, Washington
Renton, King County, Washington
Parkland, Pierce County, Washington
Kent, King County, Washington",Access World News,7-May-22,N/A,Newspaper,https://drive.google.com/file/d/19LLzoXp_vujcb__gLD24OaMXVrctSwO8/view?usp=drive_link,1,1,1,1,1,,,,,,1,1,1,,,,,,,,,,,,
N/A,N/A,,Snoqualmie Valley Record (1999-2025),2022,New alert system aims to bring home missing Indigenous people,"Snoqualmie, King County, Washington","Marysville, Snohomish County, Washington
Tulalip, Snohomish County, Washington
San Juan, Hidalgo County, Texas
",Access World News,12-Apr-22,N/A,Newspaper,https://drive.google.com/file/d/19LLzoXp_vujcb__gLD24OaMXVrctSwO8/view?usp=drive_link,1,1,1,1,1,,,,,,1,1,1,,,,,,,,,,,,
Hellmann,Melissa,,Snoqualmie Valley Record (1999-2025),2019,New alert system aims to bring home missing Indigenous people,"Snoqualmie, King County, Washington","Port Angeles, Clallam County, Washington
Auburn, King County, Washington
La Grande, Union County, Oregon
",Access World News,14-Jan-19,N/A,Newspaper,https://drive.google.com/file/d/1e12r9Huw13AY02SHn1cxQRwi7ixTDWOl/view?usp=drive_link,1,1,1,1,1,,,,,,1,1,1,,,,,,,,,,,,
Dennis,Ellen,The Spokesman-Review,The Spokesman Review [TCA],2023,Like an open wound': Washington task force holds event to highlight missing and slain Indigenous women,"Spokane, Spokane County, Washington","Yakama Reservation, Yakima County, Washington",Access World News,2-Nov-23,N/A,Newspaper,https://drive.google.com/file/d/160zZcSRtYEOBpCFKdlcd8oOTMtAmxCaP/view?usp=drive_link,1,1,1,1,1,,,,,,1,1,0,,,,,,,,,,,,
Donovan-Smith,Orion,The Spokesman-Review,The Spokesman Review [TCA],2020,Inland Northwest lawmakers push for House vote on bills to protect Native women,"Spokane, Spokane County, Washington","Fort Berthold Reservation, McLean County, North Dakota",Access World News,26-Jul-20,N/A,Newspaper,https://drive.google.com/file/d/160zZcSRtYEOBpCFKdlcd8oOTMtAmxCaP/view?usp=drive_link,1,1,1,1,1,,,,,,1,1,0,,,,,,,,,,,,
Josie,Bailey,,"Vashon-Maury Island Beachcomber (2008-2025)
",2024,Working toward justice for the missing and murdered in Washington,"Vashon, King County, Washington","Yakama Reservation, Yakima County, Washington",Access World News,28-Nov-24,N/A,Newspaper,https://drive.google.com/file/d/1DjGjGP_Jqazb-A3twYzYVjn30WtWERGN/view?usp=drive_link,1,1,1,1,1,,,,,,1,1,1,,,,,,,,,,,,
DYLAN,,,,,,,,,,,,,,,,,,,,,,,,,,,,,,,,,,,,,
Hassanein,Nada,,The Olympian Today’s Edition,2025,Domestic violence in Native communities is focus of new survey,"Olympia, Thurston, WA","Madison, Dane, WI",Access World News,10-Nov-25,Pg. 49,Newspaper,https://drive.google.com/file/d/1mz77b1-G1iPnjkO6Ok9tVbJTLvkZEPeH/view?usp=drive_link,1,0,0,1,0,,,,,,0,1,1,,,,,,,,,,,,
Charles,Sephora,,The Olympian Today’s Edition,2025,Thousands of Indigenous families seek answers about missing loved ones in Washington state,"Olympia, Thurston, WA","Tacoma, Pierce, WA",Access World News,13-Sep-25,Pg. 109,Newspaper,https://drive.google.com/file/d/1JDiuoQ6rBy5ygVegPHufDrNIge9s0HNz/view?usp=drive_link,1,0,1,1,0,,,,,,1,1,0,,,,,,,,,,,,
Carter,Simone,,The Olympian Today’s Edition,2025,WA Senate honors missing & murdered indigenous women: 'No more stolen sisters',"Olympia, Thurston, WA","Tacoma, Pierce, WA",Access World News,16-Apr-25,Pg. 272,Newspaper,https://drive.google.com/file/d/1JDiuoQ6rBy5ygVegPHufDrNIge9s0HNz/view?usp=drive_link,1,0,1,1,0,,,,,,1,1,0,,,,,,,,,,,,
Carter,Simone,,The Olympian Today’s Edition,2025,WA Senate honors missing & murdered indigenous women: 'No more stolen sisters',"Olympia, Thurston, WA","Tacoma, Pierce, WA",Access World News,15-Apr-25,Pg. 21,Newspaper,https://drive.google.com/file/d/1YjoiG3Zu1TT3jMiP5BANwISNvFvvup5P/view?usp=drive_link,1,1,0,1,1,,,,,,1,0,0,,,,,,,,,,,,
Bilbao,Martin,,The Olympian,2025,Woman charged with murder in 2016 Port Angeles MMIWP cold case,"Olympia, Thurston, WA","Port Angeles, Clallam, WA",Access World News,13-Jun-25,,Newspaper,https://drive.google.com/file/d/1lSyLE1abvVRhQNajqnymHFMcckfA81s1/view?usp=drive_link,1,1,1,0,1,,,,,,1,1,1,,,,,,,,,,,,
Carter,Simone,,The Olympian,2025,WA Senate honors missing & murdered indigenous women: 'No more stolen sisters',"Olympia, Thurston, WA","Tacoma, Pierce, WA",Access World News,16-Apr-25,,Newspaper,https://drive.google.com/file/d/1ZtCuzT2QlvAf6JT8-B8fMeskSqzLn2mO/view?usp=drive_link,1,1,0,1,1,,,,,,1,0,0,,,,,,,,,,,,
Brennan ,Natasha ,,The Olympian,2022,Survivors and families share stories at gathering for missing and murdered Indigenous people,"Olympia, Thurston, WA","Seattle, King, WA",Access World News,9-May-22,,Newspaper,https://drive.google.com/file/d/1DiQefdOVZObauw2M444BxeopfePEBdAW/view?usp=drive_link,1,1,1,1,1,,,,,,1,1,0,,,,,,,,,,,,
Brennan ,Natasha ,,The Olympian,2022,Someday they will come home. They won't be forgotten.' These are their names,"Olympia, Thurston, WA","Bellingham, Whatcom, WA",Access World News,8-May-22,,Newspaper,https://drive.google.com/file/d/1HKNYqi7Go9mnPSiKDP8DdKdodR0mSTLr/view?usp=drive_link,1,1,1,1,1,,,,,,0,1,0,,,,,,,,,,,,
Brennan ,Natasha ,,The Olympian,2022,Country's first alert system for missing and murdered Indigenous people proposed in state,"Olympia, Thurston, WA","Seattle, King, WA",Access World News,4-Jan-22,,Newspaper,https://drive.google.com/file/d/12EOCgZ5OxcZXsJilaItU732N_4NicsX_/view?usp=drive_link,1,1,0,1,1,,,,,,1,0,0,,,,,,,,,,,,
Brennan ,Natasha ,,The Olympian,2021,"State Missing, Murdered Indigenous Women task force announced","Olympia, Thurston, WA",Washington State,Access World News,13-Aug-21,,Newspaper,https://drive.google.com/file/d/13YmH7RijZLO2G6DMm3pRO1vlea1MbQrv/view?usp=drive_link,1,1,0,1,1,,,,,,1,0,0,,,,,,,,,,,,
Associated Press,,,The Olympian,2020,Rogers to probe violence to indigenous people,"Olympia, Thurston, WA",Washington State,Access World News,16-Nov-20,,Newspaper,https://drive.google.com/file/d/1EhemCs98ywS9-fgr05K_1axoHcNWsFEz/view?usp=drive_link,1,0,0,1,1,,,,,,0,0,0,,,,,,,,,,,,
Ayer,Tammy,,The Olympian,2021,Lummi Nation woman missing after Las Vegas trip,"Olympia, Thurston, WA","Las Vegas, Clark County, NV",Access World News,24-Sep-21,,Newspaper,,,,,,,,,,,,,,,,,,,,,,,,,,
The Olympian,,,The Olympian,2021,Minnesota lawmakers reach deal - on policing measures,"Olympia, Thurston, WA","St. Paul, Ramsey, MN",Access World News,28-Jun-21,,Newspaper,,,,,,,,,,,,,,,,,,,,,,,,,,
Pemberton,Lisa,,The Olympian,2018,Help sought to find missing Lacey girl,"Olympia, Thurston County, WA","Lacey, Thurston County, WA",Access World News,1-Feb-18,,Newspaper,https://drive.google.com/file/d/1jVGR993Bn1fI-jHcOI9WO2_7J41DXsyn/view?usp=drive_link,1,0,1,0,0,,,,,,0,1,0,,,,,,,,,,,,
Sussman,Elijah,,Peninsula Daily News,2024,WomenSpirit Coalition steps into new phase - Multi-service indigenous support organization to host open house,"Port Angeles, Clallam, WA",Washington State,Access World News,29-May-24,,Newspaper,https://drive.google.com/file/d/1s6BrK0EWVCQ40oXzcOeHKqcMGRhK9u99/view?usp=drive_link,1,1,0,1,1,,,,,,1,0,0,,,,,,,,,,,,
Peninsula Daily News,,,Peninsula Daily News,2023,"Missing, murdered listed","Port Angeles, Clallam, WA","Port Angeles, Clallam, WA",Access World News,6-May-23,,Newspaper,https://drive.google.com/file/d/1Eu0kVSvH8xabL6F0X4j-AON_PqRCL7Wx/view?usp=drive_link,1,1,1,1,0,,,,,,0,1,0,,,,,,,,,,,,
Peninsula Daily News,,,Peninsula Daily News,2023,"Missing, murdered indigenous legalisation signed - Task force to seek answers to unsolved cases","Port Angeles, Clallam, WA","Olympia, Thurston, WA",Access World News,3-May-23,,Newspaper,https://drive.google.com/file/d/1qFW8rqOeF9_U57OaWtpefsO-27H2c_H8/view?usp=drive_link,1,1,1,1,1,,,,,,1,1,0,,,,,,,,,,,,
Peninsula Daily News,,,Peninsula Daily News,2023,March set for Friday,"Port Angeles, Clallam, WA","Port Angeles, Clallam, WA",Access World News,3-May-23,,Newspaper,https://drive.google.com/file/d/10AKRA_p_x8est3uffLfP7BZKpckZLnA8/view?usp=drive_link,1,1,1,0,0,,,,,,1,0,0,,,,,,,,,,,,
Nash,Matthew,,Peninsula Daily News,2023,Murder investigation still going after 4 years - Police search narrows with DNA test results,"Port Angeles, Clallam, WA","Port Angeles, Clallam, WA",Access World News,1-Feb-23,,Newspaper,https://drive.google.com/file/d/1aC6iAOJoQNScD3bnWfj_bjkv2KDU_mfa/view?usp=drive_link,1,1,1,1,0,,,,,,1,1,1,,,,,,,,,,,,
Major,Jesse,,Peninsula Daily News,2019,"Forks march raises awareness of missing, murdered indigenous women - Peninsula tribes gather to stress dangers faced by many ","Port Angeles, Clallam, WA","Port Angeles, Clallam, WA",Access World News,6-May-19,,Newspaper,https://drive.google.com/file/d/1ajxVDeukPrMt255NiZ8vhxDpASAAFcL7/view?usp=drive_link,1,1,1,1,0,,,,,,1,1,1,,,,,,,,,,,,
Major,Jesse,,Peninsula Daily News,2019,"1,000-strong crowd gathers in Port Townsend for third annual Womxn's Wave - Support shown for indigenous peoples, women, marginalized people and the queer community ","Port Angeles, Clallam, WA","Port Townsend, Jefferson, WA",Access World News,21-Jan-19,,Newspaper,https://drive.google.com/file/d/1bWo8ZCzStxoYLenKzxH4UZT262NDktXU/view?usp=drive_link,1,1,1,1,0,,,,,,1,1,0,,,,,,,,,,,,
Hudetz,Mary,,Peninsula Daily News,2018,"Study cites weak reporting on missing, murdered Native American women","Port Angeles, Clallam, WA","Albuquerque, Bernalillo, NM",Access World News,19-Nov-18,,Newspaper,https://drive.google.com/file/d/1oSiL8ZJdupOISqJXUPv3Q18q8Z-of5My/view?usp=drive_link,1,1,1,1,1,,,,,,1,1,1,,,,,,,,,,,,
"Pioneer, The: Whitman College",,,"Pioneer, The: Whitman College ",2023,Potential cold-case unit for missing and murdered Indigenous women,"Walla Walla, Walla Walla, WA",Washington State,Access World News,16-Feb-23,,Newspaper,https://drive.google.com/file/d/173HP1ZUWUb_WTCcglE740RzPAXEPWB1B/view?usp=drive_link,,,,,,,,,,,,,,,,,,,,,,,,,
Yakima Herald-Republic editorial board,,,The Seattle Times: Web-edition articles,2025,"Task force on missing and murdered Indigenous people is moving the needle toward justice, healing","Seattle, King, WA","Seattle, King, WA",Access World News,10-Jul-25,,Web-Only Source,https://drive.google.com/file/d/1qneC9Cr-dMGC8mq8vidOFCA6XC1iqjzN/view?usp=drive_link,1,1,1,1,1,,,,,,1,0,1,,,,,,,,,,,,
Girgis,Lauren,,The Seattle Times: Web-edition articles,2025,WA missing and murdered Indigenous people unit's work leads to charges,"Seattle, King, WA","Vancouver Island, BC",Access World News,11-Jun-25,,Web-Only Source,https://drive.google.com/file/d/1IPzITfpGIMA9AoDV8hQveD8IgkfQhjaD/view?usp=drive_link,1,0,1,1,1,,,,,,1,1,1,,,,,,,,,,,,
Ishisaka,Naomi,,The Seattle Times: Web-edition articles,2025,Fighting for visibility for missing and murdered Indigenous people,"Seattle, King, WA","Seattle, King, WA",Access World News,12-May-25,,Web-Only Source,https://drive.google.com/file/d/16iimyVqLks5ssa4Ml38ddhKqctQFecOW/view?usp=drive_link,1,1,1,1,1,,,,,,1,1,0,,,,,,,,,,,,
Macdonald,Moira,,The Seattle Times: Web-edition articles,2024,Missing from Fire Trail Road' focuses on missing Indigenous women,"Seattle, King, WA","Tulalip, Snohomish, WA",Access World News,18-Nov-24,,Web-Only Source,https://drive.google.com/file/d/1Fhn0UjiOagduiLhxwDNorDjs9gkqEr-9/view?usp=drive_link,1,1,1,1,0,,,,,,1,1,1,,,,,,,,,,,,
Hall,Emma,,The Seattle Times: Web-edition articles,2024,Missing and Murdered Indigenous People in California an 'emergency.' Families seek justice,"Seattle, King, WA","Sacramento, Sacramento, CA",Access World News,1-Sep-24,,Web-Only Source,https://drive.google.com/file/d/1-xNhQlpCQYRaIM8VGHe-NJXp6iFhBzg2/view?usp=drive_link,1,1,1,1,1,,,,,,1,1,1,,,,,,,,,,,,
Ayer,Tammy,,The Seattle Times: Web-edition articles,2024,"No closure' in the cases of missing, killed Native women in Yakima Valley","Seattle, King, WA","Albuquerque, Bernalillo, NM",Access World News,5-Mar-24,,Web-Only Source,https://drive.google.com/file/d/1a_-SIsPUZDLqUSP8dPnHh6ra2eXVysjn/view?usp=drive_link,1,1,1,1,1,,,,,,1,1,1,,,,,,,,,,,,
Ayer,Tammy,,The Seattle Times: Web-edition articles,2023,Reward doubled in case of Yakama woman killed in New Mexico,"Seattle, King, WA","Albuquerque, Bernalillo, NM",Access World News,10-Jul-23,,Web-Only Source,https://drive.google.com/file/d/1I44fW0Pbi4p7kTtOiDLLe-tuvQgW3vEQ/view?usp=drive_link,1,1,1,1,1,,,,,,1,1,1,,,,,,,,,,,,
Yoon-Hendricks,Alexandra,,The Seattle Times: Web-edition articles,2023,WA launches cold case unit for missing and murdered Indigenous people,"Seattle, King, WA",Washington State,Access World News,21-Apr-23,,Web-Only Source,https://drive.google.com/file/d/1uMBxdWC8UZgZBlxOypHzBK1WGV1vHo3p/view?usp=drive_link,1,1,0,1,1,,,,,,1,0,0,,,,,,,,,,,,
Radoc Cabahug,Jadenne,,The Seattle Times: Web-edition articles,2023,Bills to create solutions to missing and murdered Indigenous women,"Seattle, King, WA","Olympia, Thurston, WA",Access World News,24-Jan-23,,Web-Only Source,https://drive.google.com/file/d/1BuaZXEx5zqHGPmKbfAgUtyTPrz9U3LkV/view?usp=drive_link,1,1,1,1,1,,,,,,1,1,0,,,,,,,,,,,,
The Seattle Times editorial board,,,The Seattle Times: Web-edition articles,2022,"A step toward long-delayed justice for missing, murdered Indigenous people","Seattle, King, WA","Seattle, King, WA",Access World News,8-Aug-22,,Web-Only Source,https://drive.google.com/file/d/10goiqcayN--67vZxyHpXDWlZbCELagX3/view?usp=drive_link,1,1,0,1,1,,,,,,1,0,0,,,,,,,,,,,,
Zhou,Amanda,,The Seattle Times: Web-edition articles,2022,WA launches first-in-nation alert system for missing Indigenous persons,"Seattle, King, WA",Washington State,Access World News,1-Jul-22,,Web-Only Source,https://drive.google.com/file/d/1hd1bo3JhDiVfTMBgJV_koda2frTvgiJs/view?usp=drive_link,1,0,0,1,1,,,,,,0,0,0,,,,,,,,,,,,
The Seattle Times editorial board,,,The Seattle Times: Web-edition articles,2021,Justice delayed for murdered and missing Indigenous women,"Seattle, King, WA",United States,Access World News,9-Nov-21,,Web-Only Source,https://drive.google.com/file/d/1yGTHmebqVaOoqtrtIQB5HZzymTfHShPr/view?usp=drive_link,1,1,1,1,1,,,,,,0,1,0,,,,,,,,,,,,
Ishisaka,Naomi,,The Seattle Times: Web-edition articles,2021,Contrasting coverage of Gabby Petito case and missing and murdered Indigenous people shows 'absolute injustice',"Seattle, King, WA","Pawnee Nation, OK",Access World News,27-Sep-21,,Web-Only Source,https://drive.google.com/file/d/13Oth0oIumxBZrjZfuEzk3XAD-bQ5rXjc/view?usp=drive_link,1,1,1,1,1,,,,,,1,1,0,,,,,,,,,,,,
Ayer,Tammy,,The Seattle Times: Web-edition articles,2021,Yakama Nation plans events to remember missing and murdered Indigenous women and girls in national week of action,"Seattle, King, WA","Yakama, Yakama, WA",Access World News,28-Apr-21,,Web-Only Source,https://drive.google.com/file/d/1HnXWha5dukd0QDmaOUtLAqlEmkSnaJmr/view?usp=drive_link,1,1,1,1,0,,,,,,1,1,1,,,,,,,,,,,,
Ayer,Tammy,,The Seattle Times: Web-edition articles,2021,"Newhouse renews plea for special federal office in Yakima to focus on missing, murdered Indigenous women","Seattle, King, WA","Yakama, Yakama, WA",Access World News,29-Mar-21,,Web-Only Source,https://drive.google.com/file/d/1wqMMqvDYbT4z7Jwk3bqMvgsmXgEJjTHI/view?usp=drive_link,1,1,0,1,1,,,,,,0,0,0,,,,,,,,,,,,
Ayer,Tammy,,The Seattle Times: Web-edition articles,2020,New app aims to reduce number of missing and murdered Native women,"Seattle, King, WA","Lummi Reservation, WA",Access World News,14-Jan-20,,Web-Only Source,https://drive.google.com/file/d/1ckYaUKPTyQQqmnHr82BjPobaF-1495xT/view?usp=drive_link,1,0,0,1,1,,,,,,1,0,0,,,,,,,,,,,,
Beekman,Daniel,,The Seattle Times: Web-edition articles,2019,Seattle vows to address crisis of missing and murdered indigenous women and girls,"Seattle, King, WA","Seattle, King, WA",Access World News,9-Sep-19,,Web-Only Source,https://drive.google.com/file/d/130vJUW7UaN9eheH87RdXBXlnd7AEG-yx/view?usp=drive_link,1,1,0,1,1,,,,,,1,0,0,,,,,,,,,,,,
The Seattle Times editorial board,,,The Seattle Times: Web-edition articles,2019,Giving voice to missing and murdered indigenous women,"Seattle, King, WA","Cheney, Spokane, WA",Access World News,16-Jun-19,,Web-Only Source,https://drive.google.com/file/d/1vqsqPuL0bbBrQhGsWKAqjqRGbr8hxVbh/view?usp=drive_link,1,1,0,1,1,,,,,,0,1,0,,,,,,,,,,,,
Takahama,Elise,,The Seattle Times: Web-edition articles,2019,Please help find me': Photo of missing Kent woman to hit states' highways,"Seattle, King, WA","Kent, King, WA",Access World News,5-Jun-19,,Web-Only Source,https://drive.google.com/file/d/1kuTuC6iaH7dvLI16let1va7tCv7L9Qc4/view?usp=drive_link,1,1,1,1,1,,,,,,1,1,0,,,,,,,,,,,,
Jean Green,Sara,,The Seattle Times: Web-edition articles,2019,"They feel that no one cares': Washington State Patrol report outlines missteps in reporting, tracking missing Native women","Seattle, King, WA","Spokane, Spokane, WA",Access World News,4-Jun-19,,Web-Only Source,https://drive.google.com/file/d/1FTnoDNVMM3yZqyaqrt1_6Y9mDZfDbY_p/view?usp=drive_link,1,1,0,1,1,,,,,,1,0,0,,,,,,,,,,,,
Trimmer,Dave,,The Seattle Times: Web-edition articles,2019,"When I run about it, people will notice': Rosalie Fish runs for Missing and Murdered Indigenous Women","Seattle, King, WA","Cheney, Spokane, WA",Access World News,1-Jun-19,,Web-Only Source,https://drive.google.com/file/d/1DEESGhCZ9iF68lxrK0BQor8VaScHFiDy/view?usp=drive_link,1,1,1,1,0,,,,,,1,1,0,,,,,,,,,,,,
Jean Green,Sara,,The Seattle Times: Web-edition articles,2019,"A Kent woman called 911, then disappeared. That was 10 years ago. Her family and police want to find her.","Seattle, King, WA","Kent, King, WA",Access World News,5-Apr-19,,Web-Only Source,https://drive.google.com/file/d/1B4mmBdqNd6NSj6NCtwugPxJRNb66Oss1/view?usp=drive_link,1,1,1,1,1,,,,,,1,1,1,,,,,,,,,,,,
Frohne,Lauren,,The Seattle Times: Web-edition articles,2018,"Family of missing native woman demands answers in Wapato - Rosenda Strong, a 31-year-old mother of four, went missing last month. Strong is among 23 Native American women or girls who have been murdered, gone missing or suffered mysterious deaths on or near the Yakama Nation Reservation, according to a list maintained by the Yakima Herald-Republic","Seattle, King, WA","Yakama, Yakama, WA",Access World News,28-Nov-18,,Web-Only Source,https://drive.google.com/file/d/18B6Kssk1SO-jWa7djLaRYqCrOENMBqaD/view?usp=drive_link,1,1,1,1,1,,,,,,1,1,0,,,,,,,,,,,,
Bush,Evan,,The Seattle Times: Web-edition articles,2018,"New report highlights flaws in police data on missing, murdered indigenous women and girls - Seattle-based Urban Indian Health Institute identified 506 cases in cities across the country of missing or murdered Native American women and girls. Seattle had the most cases.","Seattle, King, WA","Seattle, King, WA",Access World News,14-Nov-18,,Web-Only Source,https://drive.google.com/file/d/19qGwQhwZwkOn-8ms-cf1rZZFRmuNo3My/view?usp=drive_link,1,1,1,1,1,,,,,,1,1,0,,,,,,,,,,,,
,,,The Seattle Times: Web-edition articles,,,"Seattle, King, WA",,Access World News,,,Web-Only Source,,,,,,,,,,,,,,,,,,,,,,,,,,
,,,The Seattle Times: Web-edition articles,,,"Seattle, King, WA",,Access World News,,,Web-Only Source,,,,,,,,,,,,,,,,,,,,,,,,,,
,,,The Seattle Times: Web-edition articles,,,"Seattle, King, WA",,Access World News,,,Web-Only Source,,,,,,,,,,,,,,,,,,,,,,,,,,
NORA,,,,,,,,,,,,,,,,,,,,,,,,,,,,,,,,,,,,,
Carrillo-Casas,Monica,,The Columbian,2025,Kalispel Tribe honors missing Indigenous people across state,"Vancouver, Clark, WA",Colville Reservation ,Access World News,12-May,A7,Newspaper,https://drive.google.com/file/d/1ob26DWAUCMUUzawz17_hySXZjMXFHPkZ/view?usp=sharing,1,1,1,1,1,,,,,,1,1,0,,,,,,,,,,,,
Ryder-Marks,Mia,,The Columbian,2025,Metro,"Vancouver, Clark, WA","Vancouver, Clark, WA; OR",Access World News,27-Mar,A2,Newspaper,https://drive.google.com/file/d/14OjptVaerl9YwU_C3eF-0jF5SbZsKhBQ/view?usp=drive_link,1,1,0,0,0,,,,,,0,0,0,,,,,,,,,,,,
Ayer,Tammy,,The Columbian,2025,We deserve to know what happened to her',"Vancouver, Clark, WA","Yakama Reservation; Toppenish, Yakima, WA",Access World News,24-Feb,A14,Newspaper,https://drive.google.com/file/d/1SAEFP3K22dtTWe8Y754AGDLAY5tYyLgb/view?usp=drive_link,1,1,1,1,1,,,,,,1,1,1,,,,,,,,,,,,
Deng,Grace,,The Columbian,2024,Victims' services sound alarm,"Vancouver, Clark, WA","WA; Port Angeles, Clallam, WA; MD",Access World News,8-Oct,A1,Newspaper,https://drive.google.com/file/d/1SAEFP3K22dtTWe8Y754AGDLAY5tYyLgb/view?usp=drive_link,1,1,1,1,1,,,,,,1,1,1,,,,,,,,,,,,
Huamani,Kaitlyn,,The Columbian,2024,Fancy Dance' balances heartbreak and humor,"Vancouver, Clark, WA",Seneca-Cayuga Reservation,Access World News,29-Jun,E6,Newspaper,https://drive.google.com/file/d/1SAEFP3K22dtTWe8Y754AGDLAY5tYyLgb/view?usp=drive_link,1,1,1,1,1,,,,,,1,1,1,,,,,,,,,,,,
Ryder-Marks,Mia,,The Columbian,2024,"No more stolen relatives Missing and murdered Indigenous people: ‘This crisis extends beyond reservations, beyond state borders’","Vancouver, Clark, WA","ID; WA; Vancouver, Clark, WA",Access World News,18-May,A1,Newspaper,https://drive.google.com/file/d/1NuNxdH2hMm5fmMHrQ5dAclHLoaezdToI/view?usp=drive_link,1,1,1,1,1,,,,,,1,1,0,,,,,,,,,,,,
Snow,Anita,,The Columbian,2023,Navajo woman's killer convicted,"Vancouver, Clark, WA","Phoenix, Maricopa, AZ; Pinon, Navajo Nation; Hopi Reservation",Access World News,29-Sep,A2,Newspaper,https://drive.google.com/file/d/1ECoe1-YFsE-xxSFHm68GO-APHep_CUUz/view?usp=drive_link,1,1,1,0,0,,,,,,1,1,1,,,,,,,,,,,,
Dunn,Kayla J.,,The Columbian,2023,Documentary Seeks Answers Award-winning director aims to shed light on missing Tulalip woman's cold case with new film,"Vancouver, Clark, WA","Seattle, King, WA; Tulalip Reservation; WA; TX",Access World News,14-Jul,B1,Newspaper,https://drive.google.com/file/d/1zOmm3rJPLKAlxR8UwSgNACGeeFRxUIUh/view?usp=drive_link,1,1,1,1,1,,,,,,1,1,0,,,,,,,,,,,,
,,,The Columbian,2023,Signs of justice for families,"Vancouver, Clark, WA","Seattle, King, WA; Toppenish, Yakima, WA",Access World News,10-Jul,AX,Newspaper,https://drive.google.com/file/d/1iWpHe8-Z6jZhcaEOPe8C8xs5Z8JBJJEH/view?usp=drive_link,1,1,1,1,1,,,,,,1,1,1,,,,,,,,,,,,
Montoya Bryan,Susan,,The Columbian,2023,"Wearing red, Indigenous families honor missing relatives","Vancouver, Clark, WA","Northern Cheyenne Indian Reservation; Oklahoma City, Oklahoma County, OK",Access World News,6-May,A3,Newspaper,https://drive.google.com/file/d/1JK0ranW9mVAT2UHmnX-CsuUJyPaTtbwF/view?usp=drive_link,1,1,1,1,1,,,,,,1,1,0,,,,,,,,,,,,
Yoon-Hendricks,Alexandra,,The Columbian,2023,"Missing, murdered Indigenous people focus of unit","Vancouver, Clark, WA",WA,Access World News,22-Apr,A8,Newspaper,https://drive.google.com/file/d/1YSLdajzp-JdqQljHhj5PplssjI_Lj8tx/view?usp=sharing,1,1,0,1,1,,,,,,1,0,0,,,,,,,,,,,,
Reyna,Luna,,The Columbian,2023,Missing Indigenous persons alert sees progress,"Vancouver, Clark, WA",WA,Access World News,2-Jan,A1,Newspaper,https://drive.google.com/file/d/1IODKfeshMJY9tIMaE-DXh4DFAPCmhuCB/view?usp=drive_link,1,1,1,1,1,,,,,,1,1,0,,,,,,,,,,,,
Larson,Clarise,,The Columbian,2022,Opportunity for Healing' Totem pole honors survivors of violence,"Vancouver, Clark, WA","Juneau, AK",Access World News,11-Oct,A13,Newspaper,https://drive.google.com/file/d/1tokiXZ8DTJuP4yWYy2T9XZehzLP6gRl7/view?usp=drive_link,1,1,0,1,0,,,,,,1,0,0,,,,,,,,,,,,
Engdahl,Tanna,,The Columbian,2022,Native women under attack,"Vancouver, Clark, WA",MT; WA,Access World News,7-Jul,A4,Newspaper,https://drive.google.com/file/d/1ovoGl4VW6o2bjwdjFiBRFU-QIanNCaQ6/view?usp=drive_link,1,0,0,1,0,,,,,,1,0,0,,,,,,,,,,,,
Hewitt,Scott,,The Columbian,2022,Film depicts plight of Indigenous women,"Vancouver, Clark, WA","WA; Ridgefield, Clark, WA; Colville, Stevens, WA; Yakima, Yakima, WA; Fargo, Cass, ND; SD; Portland, Multnomah, OR; Lake Oswego, Clackamas, OR",Access World News,9-Jun,B1,Newspaper,https://drive.google.com/file/d/1ovoGl4VW6o2bjwdjFiBRFU-QIanNCaQ6/view?usp=drive_link,1,0,0,1,0,,,,,,1,0,0,,,,,,,,,,,,
Kahle,Sarah,,The Columbian,2022,Bills target missing Indigenous people Native women disproportionately affected by violence,"Vancouver, Clark, WA","National, WA",Access World News,18-Jan,A10,Newspaper,https://drive.google.com/file/d/1aj9wOorV8RtJo9q9w8aHnJ6NlMoP6XK5/view?usp=drive_link,1,1,0,1,1,,,,,,1,0,0,,,,,,,,,,,,
Mize,Jeffery,,The Columbian,2019,"Canoe Journey Honors Ancestors - Cowlitz forge new bonds, friendships","Vancouver, Clark, WA","Vancouver, Clark, WA; ND; National",Access World News,13-Jul,A1,Newspaper,https://drive.google.com/file/d/1dAxNJxyI0EleG1tP2PF0JgbyrUmSNbZM/view?usp=sharing,1,1,1,1,1,,,,,,1,1,0,,,,,,,,,,,,
,,,The Columbian,2019,"In Our View: Native American women deserve action, justice","Vancouver, Clark, WA","WA; Yakima, Yakima, WA",Access World News,12-Jun,A6,Newspaper,https://drive.google.com/file/d/1P-eDDpr10IUwZddUO1yIxEymaAkabnjk/view?usp=sharing,1,1,1,1,1,,,,,,1,0,0,,,,,,,,,,,,
,,,The Seattle Globalist,2019,Seattle City Council District 5: Debora Juarez and Ann Davison Sattler,"Seattle, King, WA","Seattle, King, WA",Access World News,16-Oct,N/A,Web-Only Source,https://drive.google.com/file/d/1IbQCHTRLhUPYbhu9M74ePpqhVbW37Ab2/view?usp=drive_link,1,1,0,1,1,,,,,,0,0,0,,,,,,,,,,,,
Leger,Devon,,The Seattle Globalist,2019,Canadian Inuk artist Tanya Tagaq explores the powerful outer limits of human expression,"Seattle, King, WA","Seattle, King, WA; Nunavut, Canada; National",Access World News,22-Jan,N/A,Web-Only Source,https://drive.google.com/file/d/1AAUkZGPf6TUCDUv-npiaSHGwPgIKtnE6/view?usp=drive_link,1,1,0,1,0,,,,,,0,0,0,,,,,,,,,,,,
Day,Jacquie Bird,,The Seattle Globalist,2019,Sunday march puts spotlight on missing and murdered Indigenous women,"Seattle, King, WA","Seattle, King, WA",Access World News,20-Jan,N/A,Web-Only Source,https://drive.google.com/file/d/1nmgPvbuQ9gIRKvoFn2O1eikEBaQWVuZu/view?usp=drive_link,1,1,0,1,1,,,,,,0,0,0,,,,,,,,,,,,
Pittman,Astro,,New City Collegian: Seattle Central Community College,2019,Conversations on social issues: MMIW - The Seattle Collegian,"Seattle, King, WA",National; WA,Access World News,15-Oct,N/A,Blog,https://drive.google.com/file/d/1EeALnOmiBglMVa4rkf640MfwX9syuMph/view?usp=drive_link,1,1,0,1,1,,,,,,0,0,0,,,,,,,,,,,,
,,,,,,,,,,,,,,,,,,,,,,,,,,,,,,,,,,,,,
HAYLEE,,,,,,,,,,,,,,,,,,,,,,,,,,,,,,,,,,,,,
Henshaw,Melanie,,Cascade PBS,2024,Washington police oversight agency has yet to open an investigation,"Seattle, King, WA","Seattle, King, WA",Access World News,19-Nov,N/A,Web-Only Source,,,,,,,1,0,,,,,,,,,,,,,,,,,,
Todd,Annie,,Cascadia Daily News,2025,Lummi police name boyfriend as person of interest in missing elder case,"Bellingham, Whatcom County, WA","Lummi Reservation, Whatcom County, WA",Access World News,18-Jul,N/A,Newspaper,https://drive.google.com/file/d/1GAiH5db7MRUxAHUdv8PdC1j76vqVYKHo/view?usp=drive_link,,,,,,1,0,,,,,,,,,,,,,,,,,,
Todd,Annie,,Cascadia Daily News,2025,Update: Missing 15-year-old Lummi girl located,"Bellingham, Whatcom County, WA","Bellingham, Whatcom County, WA",Access World News,24-Jun,N/A,Newspaper,https://drive.google.com/file/d/1evoaq55i6ofVyFcSwMRJYV9V0JTM4DUN/view?usp=drive_link,,,,,,1,0,,,,,,,,,,,,,,,,,,
Todd,Annie,,Cascadia Daily News,2025,Police looking for teen girl missing from Bellingham,"Bellingham, Whatcom County, WA","Bellingham, Whatcom County, WA",Access World News,15-Jan,N/A,Newspaper,https://drive.google.com/file/d/1sQaIoqDHsqJjwL3-0iyDZ02hDOk9myxu/view?usp=sharing,,,,,,1,0,,,,,,,,,,,,,,,,,,
Alexander,Jemma,,Cascadia Daily News,2024,Update: Officials continue search for missing Indigenous woman last seen in Bellingham,"Bellingham, Whatcom County, WA","Bellingham, Whatcom County, WA",Access World News,16-Mar,N/A,Newspaper,https://drive.google.com/file/d/1xgqa1tZM7hmPM3kp_TSmxSehe8WfnRrR/view?usp=drive_link,,,,,,1,0,,,,,,,,,,,,,,,,,,
Bikman,Margaret,,Cascadia Daily News,2022,"Mother's Day mentions, art by kids and cool jazz - Margaret Bikman's weekly column","Bellingham, Whatcom County, WA","Whatcom County, WA",Access World News,4-May,N/A,Newspaper,https://drive.google.com/file/d/1Q9Ws9jerDQIJlmBbeQRfNmPWZpgb7T0O/view?usp=drive_link,,,,,,1,0,,,,,,,,,,,,,,,,,,
Wright,Jarrett,,CBS - 2 KREM,2025,"Spokane sheriff's seek the public's help to find at-risk missing teen - Quattlebaum is described as a 16-year-old Indigenous female, approximately 5'2"", 110 lbs, with hazel eyes and brown hair.","Spokane, Spokane County, WA","Spokane, Spokane County, WA",Access World News,14-May,N/A,Web-Only Source,https://drive.google.com/file/d/1xpKob-Vlo6ZyhrvdoZXrDI7QVt4kirc8/view?usp=drive_link,,,,,,1,0,,,,,,,,,,,,,,,,,,
Henkels,Patrick,,CBS - 2 KREM,2024,"Missing Indigenous woman found safe, suspect still outstanding after SWAT standoff - Fifty-one-year old suspect Joseph Parisien is described as 5'10'', 180 pounds with black hair and brown eyes.","Spokane, Spokane County, WA","Spokane, Spokane County, WA",Access World News,29-Apr,N/A,Web-Only Source,https://drive.google.com/file/d/1UVW9Qm7xsyhmRiBluS5bgH0UlTyOxK90/view?usp=drive_link,,,,,,1,0,,,,,,,,,,,,,,,,,,
KREM Staff,,,CBS - 2 KREM,2024,WSP searching for missing Indigenous woman from Spokane - WSP says Lenetta Moses was last seen on Wednesday morning near East Cozza Drive in Spokane.,"Spokane, Spokane County, WA","Spokane, Spokane County, WA",Access World News,22-Feb,N/A,Web-Only Source,https://drive.google.com/file/d/1bhuWux9X__TJU0Txv7aSSBiEIiG4eCi0/view?usp=drive_link,,,,,,1,0,,,,,,,,,,,,,,,,,,